<?xml version="1.0"?>
<skillList>
	<Item Id="1" ClassCode="1" Group="0" ReqPoints="1" MaxLevel="20" Direction="4" ReqSkill1="0" ReqSkill2="0" Skill="300" DefValue="12.04" />
	<Item Id="4" ClassCode="1" Group="0" ReqPoints="1" MaxLevel="20" Direction="0" ReqSkill1="0" ReqSkill2="0" Skill="301" DefValue="614" />
	<Item Id="6" ClassCode="1" Group="0" ReqPoints="1" MaxLevel="20" Direction="3" ReqSkill1="0" ReqSkill2="0" Skill="302" DefValue="511" />
	<Item Id="7" ClassCode="1" Group="0" ReqPoints="1" MaxLevel="20" Direction="3" ReqSkill1="0" ReqSkill2="0" Skill="303" DefValue="1.80999994" />
	<Item Id="8" ClassCode="1" Group="0" ReqPoints="1" MaxLevel="20" Direction="3" ReqSkill1="0" ReqSkill2="0" Skill="304" DefValue="1.20000005" />
	<Item Id="9" ClassCode="1" Group="0" ReqPoints="1" MaxLevel="20" Direction="4" ReqSkill1="300" ReqSkill2="0" Skill="305" DefValue="12.04" />
	<Item Id="10" ClassCode="1" Group="0" ReqPoints="1" MaxLevel="20" Direction="0" ReqSkill1="302" ReqSkill2="0" Skill="306" DefValue="1.20000005" />
	<Item Id="11" ClassCode="1" Group="0" ReqPoints="1" MaxLevel="20" Direction="3" ReqSkill1="303" ReqSkill2="0" Skill="307" DefValue="1.20000005" />
	<Item Id="12" ClassCode="1" Group="0" ReqPoints="1" MaxLevel="20" Direction="3" ReqSkill1="304" ReqSkill2="0" Skill="308" DefValue="1.20000005" />
	<Item Id="14" ClassCode="1" Group="0" ReqPoints="1" MaxLevel="20" Direction="3" ReqSkill1="0" ReqSkill2="0" Skill="309" DefValue="60" />
	<Item Id="15" ClassCode="1" Group="0" ReqPoints="1" MaxLevel="20" Direction="0" ReqSkill1="307" ReqSkill2="0" Skill="310" DefValue="1.20000005" />
	<Item Id="16" ClassCode="1" Group="0" ReqPoints="1" MaxLevel="20" Direction="0" ReqSkill1="308" ReqSkill2="0" Skill="311" DefValue="1.20000005" />
	<Item Id="17" ClassCode="1" Group="0" ReqPoints="1" MaxLevel="20" Direction="0" ReqSkill1="305" ReqSkill2="0" Skill="312" DefValue="12.04" />
	<Item Id="18" ClassCode="1" Group="0" ReqPoints="1" MaxLevel="20" Direction="0" ReqSkill1="309" ReqSkill2="0" Skill="313" DefValue="1.20000005" />
	<Item Id="23" ClassCode="1" Group="0" ReqPoints="1" MaxLevel="20" Direction="1" ReqSkill1="0" ReqSkill2="0" Skill="315" DefValue="6" />
	<Item Id="24" ClassCode="1" Group="0" ReqPoints="1" MaxLevel="20" Direction="0" ReqSkill1="315" ReqSkill2="0" Skill="316" DefValue="1" />
	<Item Id="25" ClassCode="1" Group="0" ReqPoints="1" MaxLevel="20" Direction="0" ReqSkill1="0" ReqSkill2="0" Skill="317" DefValue="12" />
	<Item Id="26" ClassCode="1" Group="0" ReqPoints="1" MaxLevel="20" Direction="0" ReqSkill1="0" ReqSkill2="0" Skill="318" DefValue="12" />
	<Item Id="27" ClassCode="1" Group="0" ReqPoints="1" MaxLevel="20" Direction="0" ReqSkill1="0" ReqSkill2="0" Skill="319" DefValue="12" />
	<Item Id="28" ClassCode="1" Group="0" ReqPoints="1" MaxLevel="20" Direction="0" ReqSkill1="0" ReqSkill2="0" Skill="320" DefValue="12" />
	<Item Id="30" ClassCode="1" Group="0" ReqPoints="1" MaxLevel="20" Direction="3" ReqSkill1="0" ReqSkill2="0" Skill="322" DefValue="12" />
	<Item Id="34" ClassCode="1" Group="0" ReqPoints="1" MaxLevel="20" Direction="0" ReqSkill1="322" ReqSkill2="0" Skill="324" DefValue="12" />
	<Item Id="37" ClassCode="1" Group="1" ReqPoints="1" MaxLevel="20" Direction="0" ReqSkill1="0" ReqSkill2="0" Skill="325" DefValue="511" />
	<Item Id="41" ClassCode="1" Group="1" ReqPoints="1" MaxLevel="20" Direction="0" ReqSkill1="0" ReqSkill2="0" Skill="326" DefValue="6" />
	<Item Id="42" ClassCode="1" Group="1" ReqPoints="1" MaxLevel="20" Direction="0" ReqSkill1="0" ReqSkill2="0" Skill="327" DefValue="8" />
	<Item Id="43" ClassCode="1" Group="1" ReqPoints="1" MaxLevel="20" Direction="0" ReqSkill1="0" ReqSkill2="0" Skill="328" DefValue="8" />
	<Item Id="44" ClassCode="1" Group="1" ReqPoints="1" MaxLevel="20" Direction="0" ReqSkill1="0" ReqSkill2="0" Skill="329" DefValue="8" />
	<Item Id="45" ClassCode="1" Group="1" ReqPoints="1" MaxLevel="20" Direction="3" ReqSkill1="0" ReqSkill2="0" Skill="330" DefValue="8" />
	<Item Id="46" ClassCode="1" Group="1" ReqPoints="1" MaxLevel="20" Direction="3" ReqSkill1="0" ReqSkill2="0" Skill="331" DefValue="5" />
	<Item Id="49" ClassCode="1" Group="1" ReqPoints="1" MaxLevel="20" Direction="0" ReqSkill1="330" ReqSkill2="0" Skill="332" DefValue="1.20000005" />
	<Item Id="50" ClassCode="1" Group="1" ReqPoints="1" MaxLevel="20" Direction="0" ReqSkill1="331" ReqSkill2="0" Skill="333" DefValue="1.20000005" />
	<Item Id="51" ClassCode="1" Group="1" ReqPoints="1" MaxLevel="20" Direction="3" ReqSkill1="0" ReqSkill2="0" Skill="334" DefValue="102" />
	<Item Id="52" ClassCode="1" Group="1" ReqPoints="1" MaxLevel="20" Direction="0" ReqSkill1="0" ReqSkill2="0" Skill="335" DefValue="5" />
	<Item Id="53" ClassCode="1" Group="1" ReqPoints="1" MaxLevel="20" Direction="3" ReqSkill1="0" ReqSkill2="0" Skill="336" DefValue="5" />
	<Item Id="54" ClassCode="1" Group="1" ReqPoints="1" MaxLevel="20" Direction="3" ReqSkill1="0" ReqSkill2="0" Skill="337" DefValue="5" />
	<Item Id="55" ClassCode="1" Group="1" ReqPoints="1" MaxLevel="20" Direction="3" ReqSkill1="334" ReqSkill2="0" Skill="338" DefValue="102" />
	<Item Id="57" ClassCode="1" Group="1" ReqPoints="1" MaxLevel="20" Direction="3" ReqSkill1="336" ReqSkill2="0" Skill="339" DefValue="1.80999994" />
	<Item Id="58" ClassCode="1" Group="1" ReqPoints="1" MaxLevel="20" Direction="3" ReqSkill1="337" ReqSkill2="0" Skill="340" DefValue="1.80999994" />
	<Item Id="59" ClassCode="1" Group="1" ReqPoints="1" MaxLevel="20" Direction="0" ReqSkill1="338" ReqSkill2="0" Skill="341" DefValue="27" />
	<Item Id="61" ClassCode="1" Group="1" ReqPoints="1" MaxLevel="20" Direction="0" ReqSkill1="339" ReqSkill2="0" Skill="342" DefValue="1.80999994" />
	<Item Id="62" ClassCode="1" Group="1" ReqPoints="1" MaxLevel="20" Direction="0" ReqSkill1="340" ReqSkill2="0" Skill="343" DefValue="1.20000005" />
	<Item Id="65" ClassCode="1" Group="1" ReqPoints="1" MaxLevel="20" Direction="0" ReqSkill1="0" ReqSkill2="0" Skill="345" DefValue="1.80999994" />
	<Item Id="66" ClassCode="0" Group="1" ReqPoints="10" MaxLevel="10" Direction="3" ReqSkill1="0" ReqSkill2="0" Skill="344" DefValue="1.80999994" />
	<Item Id="70" ClassCode="0" Group="1" ReqPoints="10" MaxLevel="10" Direction="0" ReqSkill1="344" ReqSkill2="0" Skill="346" DefValue="1.80999994" />
	<Item Id="73" ClassCode="1" Group="2" ReqPoints="1" MaxLevel="20" Direction="0" ReqSkill1="0" ReqSkill2="0" Skill="347" DefValue="818" />
	<Item Id="77" ClassCode="1" Group="2" ReqPoints="1" MaxLevel="20" Direction="3" ReqSkill1="0" ReqSkill2="0" Skill="348" DefValue="8" />
	<Item Id="78" ClassCode="1" Group="2" ReqPoints="1" MaxLevel="20" Direction="3" ReqSkill1="0" ReqSkill2="0" Skill="349" DefValue="5" />
	<Item Id="79" ClassCode="1" Group="2" ReqPoints="1" MaxLevel="20" Direction="3" ReqSkill1="0" ReqSkill2="0" Skill="350" DefValue="6" />
	<Item Id="80" ClassCode="1" Group="2" ReqPoints="1" MaxLevel="20" Direction="3" ReqSkill1="0" ReqSkill2="0" Skill="351" DefValue="6" />
	<Item Id="81" ClassCode="1" Group="2" ReqPoints="1" MaxLevel="20" Direction="0" ReqSkill1="348" ReqSkill2="0" Skill="352" DefValue="11" />
	<Item Id="82" ClassCode="1" Group="2" ReqPoints="1" MaxLevel="10" Direction="0" ReqSkill1="349" ReqSkill2="0" Skill="353" DefValue="1" />
	<Item Id="83" ClassCode="1" Group="2" ReqPoints="1" MaxLevel="20" Direction="0" ReqSkill1="350" ReqSkill2="0" Skill="354" DefValue="1.20000005" />
	<Item Id="84" ClassCode="1" Group="2" ReqPoints="1" MaxLevel="20" Direction="0" ReqSkill1="351" ReqSkill2="0" Skill="355" DefValue="1.20000005" />
	<Item Id="85" ClassCode="1" Group="2" ReqPoints="1" MaxLevel="20" Direction="3" ReqSkill1="0" ReqSkill2="0" Skill="356" DefValue="1.80999994" />
	<Item Id="86" ClassCode="1" Group="2" ReqPoints="1" MaxLevel="20" Direction="0" ReqSkill1="0" ReqSkill2="0" Skill="357" DefValue="7.21999979" />
	<Item Id="87" ClassCode="1" Group="2" ReqPoints="1" MaxLevel="20" Direction="0" ReqSkill1="0" ReqSkill2="0" Skill="358" DefValue="9" />
	<Item Id="88" ClassCode="1" Group="2" ReqPoints="1" MaxLevel="20" Direction="3" ReqSkill1="0" ReqSkill2="0" Skill="359" DefValue="43" />
	<Item Id="89" ClassCode="1" Group="2" ReqPoints="1" MaxLevel="20" Direction="3" ReqSkill1="356" ReqSkill2="0" Skill="360" DefValue="1.80999994" />
	<Item Id="90" ClassCode="1" Group="2" ReqPoints="1" MaxLevel="20" Direction="3" ReqSkill1="0" ReqSkill2="0" Skill="361" DefValue="5" />
	<Item Id="92" ClassCode="1" Group="2" ReqPoints="1" MaxLevel="20" Direction="0" ReqSkill1="359" ReqSkill2="0" Skill="362" DefValue="43" />
	<Item Id="93" ClassCode="1" Group="2" ReqPoints="1" MaxLevel="20" Direction="0" ReqSkill1="360" ReqSkill2="0" Skill="363" DefValue="1.80999994" />
	<Item Id="94" ClassCode="1" Group="2" ReqPoints="1" MaxLevel="20" Direction="0" ReqSkill1="361" ReqSkill2="0" Skill="364" DefValue="6" />
	<Item Id="96" ClassCode="1" Group="2" ReqPoints="1" MaxLevel="20" Direction="3" ReqSkill1="0" ReqSkill2="0" Skill="366" DefValue="1" />
	<Item Id="97" ClassCode="1" Group="2" ReqPoints="1" MaxLevel="20" Direction="0" ReqSkill1="0" ReqSkill2="0" Skill="367" DefValue="1" />
	<Item Id="98" ClassCode="1" Group="2" ReqPoints="1" MaxLevel="20" Direction="3" ReqSkill1="0" ReqSkill2="0" Skill="368" DefValue="1" />
	<Item Id="99" ClassCode="1" Group="2" ReqPoints="1" MaxLevel="20" Direction="4" ReqSkill1="0" ReqSkill2="0" Skill="628" DefValue="5" />
	<Item Id="100" ClassCode="1" Group="2" ReqPoints="1" MaxLevel="20" Direction="0" ReqSkill1="366" ReqSkill2="0" Skill="369" DefValue="1" />
	<Item Id="102" ClassCode="1" Group="2" ReqPoints="1" MaxLevel="20" Direction="0" ReqSkill1="368" ReqSkill2="0" Skill="372" DefValue="1" />
	<Item Id="104" ClassCode="1" Group="2" ReqPoints="1" MaxLevel="20" Direction="3" ReqSkill1="0" ReqSkill2="0" Skill="370" DefValue="1" />
	<Item Id="1" ClassCode="2" Group="0" ReqPoints="1" MaxLevel="20" Direction="4" ReqSkill1="0" ReqSkill2="0" Skill="300" DefValue="12.04" />
	<Item Id="4" ClassCode="2" Group="0" ReqPoints="1" MaxLevel="20" Direction="0" ReqSkill1="0" ReqSkill2="0" Skill="301" DefValue="614" />
	<Item Id="6" ClassCode="2" Group="0" ReqPoints="1" MaxLevel="20" Direction="3" ReqSkill1="0" ReqSkill2="0" Skill="302" DefValue="511" />
	<Item Id="7" ClassCode="2" Group="0" ReqPoints="1" MaxLevel="20" Direction="3" ReqSkill1="0" ReqSkill2="0" Skill="303" DefValue="1.80999994" />
	<Item Id="8" ClassCode="2" Group="0" ReqPoints="1" MaxLevel="20" Direction="3" ReqSkill1="0" ReqSkill2="0" Skill="304" DefValue="1.20000005" />
	<Item Id="9" ClassCode="2" Group="0" ReqPoints="1" MaxLevel="20" Direction="4" ReqSkill1="300" ReqSkill2="0" Skill="305" DefValue="12.04" />
	<Item Id="10" ClassCode="2" Group="0" ReqPoints="1" MaxLevel="20" Direction="0" ReqSkill1="302" ReqSkill2="0" Skill="306" DefValue="1.20000005" />
	<Item Id="11" ClassCode="2" Group="0" ReqPoints="1" MaxLevel="20" Direction="3" ReqSkill1="303" ReqSkill2="0" Skill="307" DefValue="1.20000005" />
	<Item Id="12" ClassCode="2" Group="0" ReqPoints="1" MaxLevel="20" Direction="3" ReqSkill1="304" ReqSkill2="0" Skill="308" DefValue="1.20000005" />
	<Item Id="14" ClassCode="2" Group="0" ReqPoints="1" MaxLevel="20" Direction="3" ReqSkill1="0" ReqSkill2="0" Skill="309" DefValue="60" />
	<Item Id="15" ClassCode="2" Group="0" ReqPoints="1" MaxLevel="20" Direction="0" ReqSkill1="307" ReqSkill2="0" Skill="310" DefValue="1.20000005" />
	<Item Id="16" ClassCode="2" Group="0" ReqPoints="1" MaxLevel="20" Direction="0" ReqSkill1="308" ReqSkill2="0" Skill="311" DefValue="1.20000005" />
	<Item Id="17" ClassCode="2" Group="0" ReqPoints="1" MaxLevel="20" Direction="0" ReqSkill1="305" ReqSkill2="0" Skill="312" DefValue="12.04" />
	<Item Id="18" ClassCode="2" Group="0" ReqPoints="1" MaxLevel="20" Direction="0" ReqSkill1="309" ReqSkill2="0" Skill="313" DefValue="1.20000005" />
	<Item Id="23" ClassCode="2" Group="0" ReqPoints="1" MaxLevel="20" Direction="1" ReqSkill1="0" ReqSkill2="0" Skill="315" DefValue="6" />
	<Item Id="24" ClassCode="2" Group="0" ReqPoints="1" MaxLevel="20" Direction="0" ReqSkill1="315" ReqSkill2="0" Skill="316" DefValue="1" />
	<Item Id="25" ClassCode="2" Group="0" ReqPoints="1" MaxLevel="20" Direction="0" ReqSkill1="0" ReqSkill2="0" Skill="317" DefValue="12" />
	<Item Id="26" ClassCode="2" Group="0" ReqPoints="1" MaxLevel="20" Direction="0" ReqSkill1="0" ReqSkill2="0" Skill="318" DefValue="12" />
	<Item Id="27" ClassCode="2" Group="0" ReqPoints="1" MaxLevel="20" Direction="0" ReqSkill1="0" ReqSkill2="0" Skill="319" DefValue="12" />
	<Item Id="28" ClassCode="2" Group="0" ReqPoints="1" MaxLevel="20" Direction="0" ReqSkill1="0" ReqSkill2="0" Skill="320" DefValue="12" />
	<Item Id="30" ClassCode="2" Group="0" ReqPoints="1" MaxLevel="20" Direction="3" ReqSkill1="0" ReqSkill2="0" Skill="375" DefValue="12" />
	<Item Id="34" ClassCode="2" Group="0" ReqPoints="1" MaxLevel="20" Direction="0" ReqSkill1="375" ReqSkill2="0" Skill="377" DefValue="12" />
	<Item Id="37" ClassCode="2" Group="1" ReqPoints="1" MaxLevel="20" Direction="0" ReqSkill1="0" ReqSkill2="0" Skill="325" DefValue="511" />
	<Item Id="41" ClassCode="2" Group="1" ReqPoints="1" MaxLevel="20" Direction="3" ReqSkill1="0" ReqSkill2="0" Skill="378" DefValue="8" />
	<Item Id="42" ClassCode="2" Group="1" ReqPoints="1" MaxLevel="20" Direction="3" ReqSkill1="0" ReqSkill2="0" Skill="379" DefValue="8" />
	<Item Id="43" ClassCode="2" Group="1" ReqPoints="1" MaxLevel="20" Direction="3" ReqSkill1="0" ReqSkill2="0" Skill="380" DefValue="1.20000005" />
	<Item Id="45" ClassCode="2" Group="1" ReqPoints="1" MaxLevel="20" Direction="0" ReqSkill1="378" ReqSkill2="0" Skill="381" DefValue="5" />
	<Item Id="46" ClassCode="2" Group="1" ReqPoints="1" MaxLevel="20" Direction="0" ReqSkill1="379" ReqSkill2="0" Skill="382" DefValue="8" />
	<Item Id="47" ClassCode="2" Group="1" ReqPoints="1" MaxLevel="20" Direction="0" ReqSkill1="380" ReqSkill2="0" Skill="383" DefValue="1.20000005" />
	<Item Id="48" ClassCode="2" Group="1" ReqPoints="1" MaxLevel="20" Direction="3" ReqSkill1="0" ReqSkill2="0" Skill="384" DefValue="6" />
	<Item Id="49" ClassCode="2" Group="1" ReqPoints="1" MaxLevel="20" Direction="1" ReqSkill1="0" ReqSkill2="0" Skill="385" DefValue="6" />
	<Item Id="50" ClassCode="2" Group="1" ReqPoints="1" MaxLevel="20" Direction="0" ReqSkill1="385" ReqSkill2="0" Skill="386" DefValue="5" />
	<Item Id="51" ClassCode="2" Group="1" ReqPoints="1" MaxLevel="20" Direction="3" ReqSkill1="0" ReqSkill2="0" Skill="334" DefValue="102" />
	<Item Id="52" ClassCode="2" Group="1" ReqPoints="1" MaxLevel="20" Direction="0" ReqSkill1="384" ReqSkill2="0" Skill="387" DefValue="5" />
	<Item Id="54" ClassCode="2" Group="1" ReqPoints="1" MaxLevel="20" Direction="0" ReqSkill1="0" ReqSkill2="0" Skill="388" DefValue="5" />
	<Item Id="55" ClassCode="2" Group="1" ReqPoints="1" MaxLevel="20" Direction="3" ReqSkill1="334" ReqSkill2="0" Skill="338" DefValue="102" />
	<Item Id="56" ClassCode="2" Group="1" ReqPoints="1" MaxLevel="20" Direction="3" ReqSkill1="0" ReqSkill2="0" Skill="389" DefValue="6" />
	<Item Id="57" ClassCode="2" Group="1" ReqPoints="1" MaxLevel="20" Direction="4" ReqSkill1="0" ReqSkill2="0" Skill="390" DefValue="8" />
	<Item Id="59" ClassCode="2" Group="1" ReqPoints="1" MaxLevel="20" Direction="0" ReqSkill1="338" ReqSkill2="0" Skill="341" DefValue="27" />
	<Item Id="60" ClassCode="2" Group="1" ReqPoints="1" MaxLevel="20" Direction="3" ReqSkill1="389" ReqSkill2="0" Skill="391" DefValue="5" />
	<Item Id="68" ClassCode="0" Group="0" ReqPoints="0" MaxLevel="0" Direction="0" ReqSkill1="0" ReqSkill2="0" Skill="0" DefValue="0" />
	<Item Id="64" ClassCode="2" Group="1" ReqPoints="1" MaxLevel="20" Direction="0" ReqSkill1="391" ReqSkill2="0" Skill="393" DefValue="1.20000005" />
	<Item Id="65" ClassCode="2" Group="1" ReqPoints="1" MaxLevel="20" Direction="0" ReqSkill1="390" ReqSkill2="0" Skill="394" DefValue="1.20000005" />
	<Item Id="67" ClassCode="0" Group="1" ReqPoints="10" MaxLevel="10" Direction="0" ReqSkill1="0" ReqSkill2="0" Skill="631" DefValue="1.80999994" />
	<Item Id="69" ClassCode="0" Group="1" ReqPoints="10" MaxLevel="10" Direction="0" ReqSkill1="0" ReqSkill2="0" Skill="642" DefValue="1.20000005" />
	<Item Id="73" ClassCode="2" Group="2" ReqPoints="1" MaxLevel="20" Direction="0" ReqSkill1="0" ReqSkill2="0" Skill="347" DefValue="818" />
	<Item Id="77" ClassCode="2" Group="2" ReqPoints="1" MaxLevel="20" Direction="3" ReqSkill1="0" ReqSkill2="0" Skill="397" DefValue="5" />
	<Item Id="78" ClassCode="2" Group="2" ReqPoints="1" MaxLevel="20" Direction="3" ReqSkill1="0" ReqSkill2="0" Skill="398" DefValue="8" />
	<Item Id="79" ClassCode="2" Group="2" ReqPoints="1" MaxLevel="20" Direction="3" ReqSkill1="0" ReqSkill2="0" Skill="399" DefValue="8" />
	<Item Id="81" ClassCode="2" Group="2" ReqPoints="1" MaxLevel="10" Direction="0" ReqSkill1="397" ReqSkill2="0" Skill="400" DefValue="1" />
	<Item Id="82" ClassCode="2" Group="2" ReqPoints="1" MaxLevel="20" Direction="0" ReqSkill1="398" ReqSkill2="0" Skill="401" DefValue="11" />
	<Item Id="83" ClassCode="2" Group="2" ReqPoints="1" MaxLevel="20" Direction="0" ReqSkill1="399" ReqSkill2="0" Skill="402" DefValue="12" />
	<Item Id="85" ClassCode="2" Group="2" ReqPoints="1" MaxLevel="20" Direction="3" ReqSkill1="0" ReqSkill2="0" Skill="403" DefValue="1.80999994" />
	<Item Id="86" ClassCode="2" Group="2" ReqPoints="1" MaxLevel="20" Direction="0" ReqSkill1="0" ReqSkill2="0" Skill="357" DefValue="7.21999979" />
	<Item Id="87" ClassCode="2" Group="2" ReqPoints="1" MaxLevel="20" Direction="0" ReqSkill1="0" ReqSkill2="0" Skill="358" DefValue="9" />
	<Item Id="88" ClassCode="2" Group="2" ReqPoints="1" MaxLevel="20" Direction="3" ReqSkill1="0" ReqSkill2="0" Skill="359" DefValue="43" />
	<Item Id="89" ClassCode="2" Group="2" ReqPoints="1" MaxLevel="20" Direction="3" ReqSkill1="403" ReqSkill2="0" Skill="404" DefValue="8" />
	<Item Id="90" ClassCode="2" Group="2" ReqPoints="1" MaxLevel="20" Direction="3" ReqSkill1="0" ReqSkill2="0" Skill="405" DefValue="5" />
	<Item Id="92" ClassCode="2" Group="2" ReqPoints="1" MaxLevel="20" Direction="0" ReqSkill1="359" ReqSkill2="0" Skill="362" DefValue="43" />
	<Item Id="93" ClassCode="2" Group="2" ReqPoints="1" MaxLevel="20" Direction="0" ReqSkill1="404" ReqSkill2="0" Skill="406" DefValue="1.80999994" />
	<Item Id="94" ClassCode="2" Group="2" ReqPoints="1" MaxLevel="20" Direction="0" ReqSkill1="405" ReqSkill2="0" Skill="407" DefValue="6" />
	<Item Id="96" ClassCode="2" Group="2" ReqPoints="1" MaxLevel="20" Direction="3" ReqSkill1="0" ReqSkill2="0" Skill="366" DefValue="1" />
	<Item Id="97" ClassCode="2" Group="2" ReqPoints="1" MaxLevel="20" Direction="0" ReqSkill1="0" ReqSkill2="0" Skill="367" DefValue="1" />
	<Item Id="98" ClassCode="2" Group="2" ReqPoints="1" MaxLevel="20" Direction="3" ReqSkill1="0" ReqSkill2="0" Skill="368" DefValue="1" />
	<Item Id="99" ClassCode="2" Group="2" ReqPoints="1" MaxLevel="20" Direction="4" ReqSkill1="0" ReqSkill2="0" Skill="628" DefValue="5" />
	<Item Id="100" ClassCode="2" Group="2" ReqPoints="1" MaxLevel="20" Direction="0" ReqSkill1="366" ReqSkill2="0" Skill="369" DefValue="1" />
	<Item Id="102" ClassCode="2" Group="2" ReqPoints="1" MaxLevel="20" Direction="0" ReqSkill1="368" ReqSkill2="0" Skill="372" DefValue="1" />
	<Item Id="104" ClassCode="2" Group="2" ReqPoints="1" MaxLevel="20" Direction="3" ReqSkill1="0" ReqSkill2="0" Skill="370" DefValue="1" />
	<Item Id="1" ClassCode="4" Group="0" ReqPoints="1" MaxLevel="20" Direction="4" ReqSkill1="0" ReqSkill2="0" Skill="300" DefValue="12.04" />
	<Item Id="4" ClassCode="4" Group="0" ReqPoints="1" MaxLevel="20" Direction="0" ReqSkill1="0" ReqSkill2="0" Skill="301" DefValue="614" />
	<Item Id="6" ClassCode="4" Group="0" ReqPoints="1" MaxLevel="20" Direction="3" ReqSkill1="0" ReqSkill2="0" Skill="302" DefValue="511" />
	<Item Id="7" ClassCode="4" Group="0" ReqPoints="1" MaxLevel="20" Direction="3" ReqSkill1="0" ReqSkill2="0" Skill="303" DefValue="1.80999994" />
	<Item Id="8" ClassCode="4" Group="0" ReqPoints="1" MaxLevel="20" Direction="3" ReqSkill1="0" ReqSkill2="0" Skill="304" DefValue="1.20000005" />
	<Item Id="9" ClassCode="4" Group="0" ReqPoints="1" MaxLevel="20" Direction="4" ReqSkill1="300" ReqSkill2="0" Skill="305" DefValue="12.04" />
	<Item Id="10" ClassCode="4" Group="0" ReqPoints="1" MaxLevel="20" Direction="0" ReqSkill1="302" ReqSkill2="0" Skill="306" DefValue="1.20000005" />
	<Item Id="11" ClassCode="4" Group="0" ReqPoints="1" MaxLevel="20" Direction="3" ReqSkill1="303" ReqSkill2="0" Skill="307" DefValue="1.20000005" />
	<Item Id="12" ClassCode="4" Group="0" ReqPoints="1" MaxLevel="20" Direction="3" ReqSkill1="304" ReqSkill2="0" Skill="308" DefValue="1.20000005" />
	<Item Id="14" ClassCode="4" Group="0" ReqPoints="1" MaxLevel="20" Direction="3" ReqSkill1="0" ReqSkill2="0" Skill="309" DefValue="60" />
	<Item Id="15" ClassCode="4" Group="0" ReqPoints="1" MaxLevel="20" Direction="0" ReqSkill1="307" ReqSkill2="0" Skill="310" DefValue="1.20000005" />
	<Item Id="16" ClassCode="4" Group="0" ReqPoints="1" MaxLevel="20" Direction="0" ReqSkill1="308" ReqSkill2="0" Skill="311" DefValue="1.20000005" />
	<Item Id="17" ClassCode="4" Group="0" ReqPoints="1" MaxLevel="20" Direction="0" ReqSkill1="305" ReqSkill2="0" Skill="312" DefValue="12.04" />
	<Item Id="18" ClassCode="4" Group="0" ReqPoints="1" MaxLevel="20" Direction="0" ReqSkill1="309" ReqSkill2="0" Skill="313" DefValue="1.20000005" />
	<Item Id="23" ClassCode="4" Group="0" ReqPoints="1" MaxLevel="20" Direction="1" ReqSkill1="0" ReqSkill2="0" Skill="315" DefValue="6" />
	<Item Id="24" ClassCode="4" Group="0" ReqPoints="1" MaxLevel="20" Direction="0" ReqSkill1="315" ReqSkill2="0" Skill="316" DefValue="1" />
	<Item Id="25" ClassCode="4" Group="0" ReqPoints="1" MaxLevel="20" Direction="0" ReqSkill1="0" ReqSkill2="0" Skill="317" DefValue="12" />
	<Item Id="26" ClassCode="4" Group="0" ReqPoints="1" MaxLevel="20" Direction="0" ReqSkill1="0" ReqSkill2="0" Skill="318" DefValue="12" />
	<Item Id="27" ClassCode="4" Group="0" ReqPoints="1" MaxLevel="20" Direction="0" ReqSkill1="0" ReqSkill2="0" Skill="319" DefValue="12" />
	<Item Id="28" ClassCode="4" Group="0" ReqPoints="1" MaxLevel="20" Direction="0" ReqSkill1="0" ReqSkill2="0" Skill="320" DefValue="12" />
	<Item Id="30" ClassCode="4" Group="0" ReqPoints="1" MaxLevel="20" Direction="3" ReqSkill1="0" ReqSkill2="0" Skill="410" DefValue="12" />
	<Item Id="34" ClassCode="4" Group="0" ReqPoints="1" MaxLevel="20" Direction="0" ReqSkill1="410" ReqSkill2="0" Skill="412" DefValue="12" />
	<Item Id="37" ClassCode="4" Group="1" ReqPoints="1" MaxLevel="20" Direction="0" ReqSkill1="0" ReqSkill2="0" Skill="325" DefValue="511" />
	<Item Id="41" ClassCode="4" Group="1" ReqPoints="1" MaxLevel="20" Direction="0" ReqSkill1="0" ReqSkill2="0" Skill="413" DefValue="5.01999998" />
	<Item Id="43" ClassCode="4" Group="1" ReqPoints="1" MaxLevel="20" Direction="3" ReqSkill1="0" ReqSkill2="0" Skill="414" DefValue="6" />
	<Item Id="44" ClassCode="4" Group="1" ReqPoints="1" MaxLevel="20" Direction="3" ReqSkill1="0" ReqSkill2="0" Skill="415" DefValue="60" />
	<Item Id="45" ClassCode="4" Group="1" ReqPoints="1" MaxLevel="20" Direction="0" ReqSkill1="0" ReqSkill2="0" Skill="416" DefValue="6" />
	<Item Id="46" ClassCode="4" Group="1" ReqPoints="1" MaxLevel="20" Direction="4" ReqSkill1="0" ReqSkill2="0" Skill="417" DefValue="5.01999998" />
	<Item Id="47" ClassCode="4" Group="1" ReqPoints="10" MaxLevel="10" Direction="0" ReqSkill1="414" ReqSkill2="0" Skill="418" DefValue="-1" />
	<Item Id="48" ClassCode="4" Group="1" ReqPoints="1" MaxLevel="20" Direction="0" ReqSkill1="415" ReqSkill2="0" Skill="419" DefValue="60" />
	<Item Id="49" ClassCode="4" Group="1" ReqPoints="1" MaxLevel="20" Direction="3" ReqSkill1="0" ReqSkill2="0" Skill="420" DefValue="5.01999998" />
	<Item Id="51" ClassCode="4" Group="1" ReqPoints="1" MaxLevel="20" Direction="0" ReqSkill1="0" ReqSkill2="0" Skill="421" DefValue="5" />
	<Item Id="52" ClassCode="4" Group="1" ReqPoints="1" MaxLevel="20" Direction="3" ReqSkill1="0" ReqSkill2="0" Skill="334" DefValue="102" />
	<Item Id="53" ClassCode="4" Group="1" ReqPoints="1" MaxLevel="20" Direction="0" ReqSkill1="420" ReqSkill2="0" Skill="422" DefValue="5.01999998" />
	<Item Id="54" ClassCode="4" Group="1" ReqPoints="1" MaxLevel="20" Direction="0" ReqSkill1="417" ReqSkill2="0" Skill="423" DefValue="5.01999998" />
	<Item Id="55" ClassCode="4" Group="1" ReqPoints="1" MaxLevel="20" Direction="0" ReqSkill1="0" ReqSkill2="0" Skill="424" DefValue="5" />
	<Item Id="56" ClassCode="4" Group="1" ReqPoints="1" MaxLevel="20" Direction="3" ReqSkill1="334" ReqSkill2="0" Skill="338" DefValue="102" />
	<Item Id="58" ClassCode="0" Group="0" ReqPoints="0" MaxLevel="0" Direction="0" ReqSkill1="0" ReqSkill2="0" Skill="0" DefValue="0" />
	<Item Id="59" ClassCode="4" Group="1" ReqPoints="1" MaxLevel="20" Direction="3" ReqSkill1="0" ReqSkill2="0" Skill="411" DefValue="5" />
	<Item Id="60" ClassCode="4" Group="1" ReqPoints="1" MaxLevel="20" Direction="0" ReqSkill1="338" ReqSkill2="0" Skill="341" DefValue="27" />
	<Item Id="61" ClassCode="0" Group="0" ReqPoints="0" MaxLevel="0" Direction="0" ReqSkill1="0" ReqSkill2="0" Skill="0" DefValue="0" />
	<Item Id="63" ClassCode="4" Group="1" ReqPoints="1" MaxLevel="20" Direction="0" ReqSkill1="411" ReqSkill2="0" Skill="431" DefValue="1.01999998" />
	<Item Id="64" ClassCode="4" Group="1" ReqPoints="1" MaxLevel="20" Direction="0" ReqSkill1="0" ReqSkill2="0" Skill="428" DefValue="60" />
	<Item Id="65" ClassCode="0" Group="0" ReqPoints="0" MaxLevel="0" Direction="0" ReqSkill1="0" ReqSkill2="0" Skill="0" DefValue="0" />
	<Item Id="66" ClassCode="0" Group="0" ReqPoints="0" MaxLevel="0" Direction="0" ReqSkill1="0" ReqSkill2="0" Skill="0" DefValue="0" />
	<Item Id="67" ClassCode="0" Group="0" ReqPoints="0" MaxLevel="0" Direction="0" ReqSkill1="0" ReqSkill2="0" Skill="0" DefValue="0" />
	<Item Id="68" ClassCode="0" Group="0" ReqPoints="0" MaxLevel="0" Direction="0" ReqSkill1="0" ReqSkill2="0" Skill="0" DefValue="0" />
	<Item Id="70" ClassCode="0" Group="0" ReqPoints="0" MaxLevel="0" Direction="0" ReqSkill1="0" ReqSkill2="0" Skill="0" DefValue="0" />
	<Item Id="71" ClassCode="0" Group="0" ReqPoints="0" MaxLevel="0" Direction="0" ReqSkill1="0" ReqSkill2="0" Skill="0" DefValue="0" />
	<Item Id="73" ClassCode="4" Group="2" ReqPoints="1" MaxLevel="20" Direction="0" ReqSkill1="0" ReqSkill2="0" Skill="347" DefValue="818" />
	<Item Id="77" ClassCode="4" Group="2" ReqPoints="1" MaxLevel="20" Direction="3" ReqSkill1="0" ReqSkill2="0" Skill="435" DefValue="6" />
	<Item Id="78" ClassCode="4" Group="2" ReqPoints="1" MaxLevel="20" Direction="3" ReqSkill1="0" ReqSkill2="0" Skill="436" DefValue="6" />
	<Item Id="79" ClassCode="4" Group="2" ReqPoints="1" MaxLevel="20" Direction="3" ReqSkill1="0" ReqSkill2="0" Skill="437" DefValue="8" />
	<Item Id="81" ClassCode="4" Group="2" ReqPoints="1" MaxLevel="10" Direction="0" ReqSkill1="435" ReqSkill2="0" Skill="438" DefValue="1" />
	<Item Id="82" ClassCode="4" Group="2" ReqPoints="1" MaxLevel="20" Direction="0" ReqSkill1="436" ReqSkill2="0" Skill="439" DefValue="11" />
	<Item Id="83" ClassCode="4" Group="2" ReqPoints="1" MaxLevel="20" Direction="0" ReqSkill1="437" ReqSkill2="0" Skill="440" DefValue="18" />
	<Item Id="86" ClassCode="4" Group="2" ReqPoints="1" MaxLevel="20" Direction="0" ReqSkill1="0" ReqSkill2="0" Skill="357" DefValue="7.21999979" />
	<Item Id="87" ClassCode="4" Group="2" ReqPoints="1" MaxLevel="20" Direction="0" ReqSkill1="0" ReqSkill2="0" Skill="358" DefValue="9" />
	<Item Id="88" ClassCode="4" Group="2" ReqPoints="1" MaxLevel="20" Direction="3" ReqSkill1="0" ReqSkill2="0" Skill="359" DefValue="43" />
	<Item Id="89" ClassCode="4" Group="2" ReqPoints="1" MaxLevel="20" Direction="0" ReqSkill1="0" ReqSkill2="0" Skill="441" DefValue="1.20000005" />
	<Item Id="90" ClassCode="4" Group="2" ReqPoints="1" MaxLevel="20" Direction="3" ReqSkill1="0" ReqSkill2="0" Skill="442" DefValue="5" />
	<Item Id="92" ClassCode="4" Group="2" ReqPoints="1" MaxLevel="20" Direction="0" ReqSkill1="359" ReqSkill2="0" Skill="362" DefValue="43" />
	<Item Id="94" ClassCode="4" Group="2" ReqPoints="1" MaxLevel="20" Direction="0" ReqSkill1="442" ReqSkill2="0" Skill="443" DefValue="6" />
	<Item Id="96" ClassCode="4" Group="2" ReqPoints="1" MaxLevel="20" Direction="3" ReqSkill1="0" ReqSkill2="0" Skill="366" DefValue="1" />
	<Item Id="97" ClassCode="4" Group="2" ReqPoints="1" MaxLevel="20" Direction="0" ReqSkill1="0" ReqSkill2="0" Skill="367" DefValue="1" />
	<Item Id="98" ClassCode="4" Group="2" ReqPoints="1" MaxLevel="20" Direction="3" ReqSkill1="0" ReqSkill2="0" Skill="368" DefValue="1" />
	<Item Id="99" ClassCode="4" Group="2" ReqPoints="1" MaxLevel="20" Direction="4" ReqSkill1="0" ReqSkill2="0" Skill="628" DefValue="1" />
	<Item Id="100" ClassCode="4" Group="2" ReqPoints="1" MaxLevel="20" Direction="0" ReqSkill1="366" ReqSkill2="0" Skill="369" DefValue="5" />
	<Item Id="102" ClassCode="4" Group="2" ReqPoints="1" MaxLevel="20" Direction="0" ReqSkill1="368" ReqSkill2="0" Skill="372" DefValue="1" />
	<Item Id="104" ClassCode="4" Group="2" ReqPoints="1" MaxLevel="20" Direction="3" ReqSkill1="0" ReqSkill2="0" Skill="370" DefValue="1" />
	<Item Id="1" ClassCode="8" Group="0" ReqPoints="1" MaxLevel="20" Direction="4" ReqSkill1="0" ReqSkill2="0" Skill="300" DefValue="12.04" />
	<Item Id="4" ClassCode="8" Group="0" ReqPoints="1" MaxLevel="20" Direction="0" ReqSkill1="0" ReqSkill2="0" Skill="301" DefValue="614" />
	<Item Id="6" ClassCode="8" Group="0" ReqPoints="1" MaxLevel="20" Direction="3" ReqSkill1="0" ReqSkill2="0" Skill="302" DefValue="511" />
	<Item Id="7" ClassCode="8" Group="0" ReqPoints="1" MaxLevel="20" Direction="3" ReqSkill1="0" ReqSkill2="0" Skill="303" DefValue="1.80999994" />
	<Item Id="8" ClassCode="8" Group="0" ReqPoints="1" MaxLevel="20" Direction="3" ReqSkill1="0" ReqSkill2="0" Skill="304" DefValue="1.20000005" />
	<Item Id="9" ClassCode="8" Group="0" ReqPoints="1" MaxLevel="20" Direction="4" ReqSkill1="300" ReqSkill2="0" Skill="305" DefValue="12.04" />
	<Item Id="10" ClassCode="8" Group="0" ReqPoints="1" MaxLevel="20" Direction="0" ReqSkill1="302" ReqSkill2="0" Skill="306" DefValue="1.20000005" />
	<Item Id="11" ClassCode="8" Group="0" ReqPoints="1" MaxLevel="20" Direction="3" ReqSkill1="303" ReqSkill2="0" Skill="307" DefValue="1.20000005" />
	<Item Id="12" ClassCode="8" Group="0" ReqPoints="1" MaxLevel="20" Direction="3" ReqSkill1="304" ReqSkill2="0" Skill="308" DefValue="1.20000005" />
	<Item Id="14" ClassCode="8" Group="0" ReqPoints="1" MaxLevel="20" Direction="3" ReqSkill1="0" ReqSkill2="0" Skill="309" DefValue="60" />
	<Item Id="15" ClassCode="8" Group="0" ReqPoints="1" MaxLevel="20" Direction="0" ReqSkill1="307" ReqSkill2="0" Skill="310" DefValue="1.20000005" />
	<Item Id="16" ClassCode="8" Group="0" ReqPoints="1" MaxLevel="20" Direction="0" ReqSkill1="308" ReqSkill2="0" Skill="311" DefValue="1.20000005" />
	<Item Id="17" ClassCode="8" Group="0" ReqPoints="1" MaxLevel="20" Direction="0" ReqSkill1="305" ReqSkill2="0" Skill="312" DefValue="12.04" />
	<Item Id="18" ClassCode="8" Group="0" ReqPoints="1" MaxLevel="20" Direction="0" ReqSkill1="309" ReqSkill2="0" Skill="313" DefValue="1.20000005" />
	<Item Id="23" ClassCode="8" Group="0" ReqPoints="1" MaxLevel="20" Direction="1" ReqSkill1="0" ReqSkill2="0" Skill="315" DefValue="6" />
	<Item Id="24" ClassCode="8" Group="0" ReqPoints="1" MaxLevel="20" Direction="0" ReqSkill1="315" ReqSkill2="0" Skill="316" DefValue="1" />
	<Item Id="25" ClassCode="8" Group="0" ReqPoints="1" MaxLevel="20" Direction="0" ReqSkill1="0" ReqSkill2="0" Skill="317" DefValue="12" />
	<Item Id="26" ClassCode="8" Group="0" ReqPoints="1" MaxLevel="20" Direction="0" ReqSkill1="0" ReqSkill2="0" Skill="318" DefValue="12" />
	<Item Id="27" ClassCode="8" Group="0" ReqPoints="1" MaxLevel="20" Direction="0" ReqSkill1="0" ReqSkill2="0" Skill="319" DefValue="12" />
	<Item Id="28" ClassCode="8" Group="0" ReqPoints="1" MaxLevel="20" Direction="0" ReqSkill1="0" ReqSkill2="0" Skill="320" DefValue="12" />
	<Item Id="30" ClassCode="8" Group="0" ReqPoints="1" MaxLevel="20" Direction="3" ReqSkill1="0" ReqSkill2="0" Skill="446" DefValue="12" />
	<Item Id="34" ClassCode="8" Group="0" ReqPoints="1" MaxLevel="20" Direction="0" ReqSkill1="446" ReqSkill2="0" Skill="447" DefValue="12" />
	<Item Id="37" ClassCode="8" Group="1" ReqPoints="1" MaxLevel="20" Direction="0" ReqSkill1="0" ReqSkill2="0" Skill="325" DefValue="511" />
	<Item Id="41" ClassCode="8" Group="1" ReqPoints="1" MaxLevel="20" Direction="3" ReqSkill1="0" ReqSkill2="0" Skill="448" DefValue="6" />
	<Item Id="42" ClassCode="8" Group="1" ReqPoints="1" MaxLevel="20" Direction="3" ReqSkill1="0" ReqSkill2="0" Skill="449" DefValue="6" />
	<Item Id="43" ClassCode="8" Group="1" ReqPoints="1" MaxLevel="20" Direction="3" ReqSkill1="0" ReqSkill2="0" Skill="450" DefValue="6" />
	<Item Id="45" ClassCode="8" Group="1" ReqPoints="1" MaxLevel="20" Direction="0" ReqSkill1="448" ReqSkill2="0" Skill="451" DefValue="1.80999994" />
	<Item Id="46" ClassCode="8" Group="1" ReqPoints="1" MaxLevel="20" Direction="0" ReqSkill1="449" ReqSkill2="0" Skill="452" DefValue="1.20000005" />
	<Item Id="47" ClassCode="8" Group="1" ReqPoints="1" MaxLevel="20" Direction="0" ReqSkill1="450" ReqSkill2="0" Skill="453" DefValue="1.80999994" />
	<Item Id="48" ClassCode="8" Group="1" ReqPoints="1" MaxLevel="20" Direction="0" ReqSkill1="0" ReqSkill2="0" Skill="454" DefValue="1.20000005" />
	<Item Id="49" ClassCode="8" Group="1" ReqPoints="1" MaxLevel="20" Direction="0" ReqSkill1="0" ReqSkill2="0" Skill="455" DefValue="5" />
	<Item Id="50" ClassCode="8" Group="1" ReqPoints="1" MaxLevel="20" Direction="0" ReqSkill1="0" ReqSkill2="0" Skill="456" DefValue="5" />
	<Item Id="52" ClassCode="8" Group="1" ReqPoints="1" MaxLevel="20" Direction="3" ReqSkill1="0" ReqSkill2="0" Skill="334" DefValue="102" />
	<Item Id="53" ClassCode="8" Group="1" ReqPoints="1" MaxLevel="20" Direction="0" ReqSkill1="0" ReqSkill2="0" Skill="457" DefValue="5" />
	<Item Id="55" ClassCode="8" Group="1" ReqPoints="1" MaxLevel="20" Direction="4" ReqSkill1="0" ReqSkill2="0" Skill="458" DefValue="5" />
	<Item Id="56" ClassCode="8" Group="1" ReqPoints="1" MaxLevel="20" Direction="3" ReqSkill1="334" ReqSkill2="0" Skill="338" DefValue="102" />
	<Item Id="58" ClassCode="8" Group="1" ReqPoints="1" MaxLevel="20" Direction="0" ReqSkill1="0" ReqSkill2="0" Skill="460" DefValue="6" />
	<Item Id="60" ClassCode="8" Group="1" ReqPoints="1" MaxLevel="20" Direction="0" ReqSkill1="338" ReqSkill2="0" Skill="341" DefValue="27" />
	<Item Id="61" ClassCode="8" Group="1" ReqPoints="1" MaxLevel="20" Direction="0" ReqSkill1="0" ReqSkill2="0" Skill="459" DefValue="6" />
	<Item Id="63" ClassCode="8" Group="1" ReqPoints="1" MaxLevel="20" Direction="0" ReqSkill1="458" ReqSkill2="0" Skill="462" DefValue="12" />
	<Item Id="66" ClassCode="0" Group="1" ReqPoints="1" MaxLevel="10" Direction="3" ReqSkill1="0" ReqSkill2="0" Skill="461" DefValue="1.80999994" />
	<Item Id="70" ClassCode="0" Group="1" ReqPoints="1" MaxLevel="20" Direction="0" ReqSkill1="461" ReqSkill2="0" Skill="463" DefValue="1.80999994" />
	<Item Id="73" ClassCode="8" Group="2" ReqPoints="1" MaxLevel="20" Direction="0" ReqSkill1="0" ReqSkill2="0" Skill="347" DefValue="818" />
	<Item Id="77" ClassCode="8" Group="2" ReqPoints="1" MaxLevel="20" Direction="3" ReqSkill1="0" ReqSkill2="0" Skill="465" DefValue="5" />
	<Item Id="78" ClassCode="8" Group="2" ReqPoints="1" MaxLevel="20" Direction="3" ReqSkill1="0" ReqSkill2="0" Skill="466" DefValue="6" />
	<Item Id="81" ClassCode="8" Group="2" ReqPoints="1" MaxLevel="20" Direction="0" ReqSkill1="465" ReqSkill2="0" Skill="467" DefValue="11" />
	<Item Id="82" ClassCode="8" Group="2" ReqPoints="1" MaxLevel="10" Direction="0" ReqSkill1="466" ReqSkill2="0" Skill="468" DefValue="1" />
	<Item Id="85" ClassCode="8" Group="2" ReqPoints="1" MaxLevel="20" Direction="3" ReqSkill1="0" ReqSkill2="0" Skill="469" DefValue="1.80999994" />
	<Item Id="86" ClassCode="8" Group="2" ReqPoints="1" MaxLevel="20" Direction="0" ReqSkill1="0" ReqSkill2="0" Skill="357" DefValue="7.21999979" />
	<Item Id="87" ClassCode="8" Group="2" ReqPoints="1" MaxLevel="20" Direction="0" ReqSkill1="0" ReqSkill2="0" Skill="358" DefValue="9" />
	<Item Id="88" ClassCode="8" Group="2" ReqPoints="1" MaxLevel="20" Direction="3" ReqSkill1="0" ReqSkill2="0" Skill="359" DefValue="43" />
	<Item Id="89" ClassCode="8" Group="2" ReqPoints="1" MaxLevel="20" Direction="3" ReqSkill1="469" ReqSkill2="0" Skill="470" DefValue="1.80999994" />
	<Item Id="90" ClassCode="8" Group="2" ReqPoints="1" MaxLevel="20" Direction="3" ReqSkill1="0" ReqSkill2="0" Skill="471" DefValue="5" />
	<Item Id="92" ClassCode="8" Group="2" ReqPoints="1" MaxLevel="20" Direction="0" ReqSkill1="359" ReqSkill2="0" Skill="362" DefValue="43" />
	<Item Id="93" ClassCode="8" Group="2" ReqPoints="1" MaxLevel="20" Direction="0" ReqSkill1="470" ReqSkill2="0" Skill="472" DefValue="8" />
	<Item Id="94" ClassCode="8" Group="2" ReqPoints="1" MaxLevel="20" Direction="0" ReqSkill1="471" ReqSkill2="0" Skill="473" DefValue="6" />
	<Item Id="96" ClassCode="8" Group="2" ReqPoints="1" MaxLevel="20" Direction="3" ReqSkill1="0" ReqSkill2="0" Skill="366" DefValue="1" />
	<Item Id="97" ClassCode="8" Group="2" ReqPoints="1" MaxLevel="20" Direction="0" ReqSkill1="0" ReqSkill2="0" Skill="367" DefValue="1" />
	<Item Id="98" ClassCode="8" Group="2" ReqPoints="1" MaxLevel="20" Direction="3" ReqSkill1="0" ReqSkill2="0" Skill="368" DefValue="1" />
	<Item Id="99" ClassCode="8" Group="2" ReqPoints="1" MaxLevel="20" Direction="4" ReqSkill1="0" ReqSkill2="0" Skill="628" DefValue="5" />
	<Item Id="100" ClassCode="8" Group="2" ReqPoints="1" MaxLevel="20" Direction="0" ReqSkill1="366" ReqSkill2="0" Skill="369" DefValue="1" />
	<Item Id="102" ClassCode="8" Group="2" ReqPoints="1" MaxLevel="20" Direction="0" ReqSkill1="368" ReqSkill2="0" Skill="372" DefValue="1" />
	<Item Id="104" ClassCode="8" Group="2" ReqPoints="1" MaxLevel="20" Direction="3" ReqSkill1="0" ReqSkill2="0" Skill="370" DefValue="1" />
	<Item Id="1" ClassCode="16" Group="0" ReqPoints="1" MaxLevel="20" Direction="4" ReqSkill1="0" ReqSkill2="0" Skill="300" DefValue="12.04" />
	<Item Id="4" ClassCode="16" Group="0" ReqPoints="1" MaxLevel="20" Direction="0" ReqSkill1="0" ReqSkill2="0" Skill="301" DefValue="614" />
	<Item Id="6" ClassCode="16" Group="0" ReqPoints="1" MaxLevel="20" Direction="3" ReqSkill1="0" ReqSkill2="0" Skill="302" DefValue="511" />
	<Item Id="7" ClassCode="16" Group="0" ReqPoints="1" MaxLevel="20" Direction="3" ReqSkill1="0" ReqSkill2="0" Skill="303" DefValue="1.80999994" />
	<Item Id="8" ClassCode="16" Group="0" ReqPoints="1" MaxLevel="20" Direction="3" ReqSkill1="0" ReqSkill2="0" Skill="304" DefValue="1.20000005" />
	<Item Id="9" ClassCode="16" Group="0" ReqPoints="1" MaxLevel="20" Direction="4" ReqSkill1="300" ReqSkill2="0" Skill="305" DefValue="12.04" />
	<Item Id="10" ClassCode="16" Group="0" ReqPoints="1" MaxLevel="20" Direction="0" ReqSkill1="302" ReqSkill2="0" Skill="306" DefValue="1.20000005" />
	<Item Id="11" ClassCode="16" Group="0" ReqPoints="1" MaxLevel="20" Direction="3" ReqSkill1="303" ReqSkill2="0" Skill="307" DefValue="1.20000005" />
	<Item Id="12" ClassCode="16" Group="0" ReqPoints="1" MaxLevel="20" Direction="3" ReqSkill1="304" ReqSkill2="0" Skill="308" DefValue="1.20000005" />
	<Item Id="14" ClassCode="16" Group="0" ReqPoints="1" MaxLevel="20" Direction="3" ReqSkill1="0" ReqSkill2="0" Skill="309" DefValue="60" />
	<Item Id="15" ClassCode="16" Group="0" ReqPoints="1" MaxLevel="20" Direction="0" ReqSkill1="307" ReqSkill2="0" Skill="310" DefValue="1.20000005" />
	<Item Id="16" ClassCode="16" Group="0" ReqPoints="1" MaxLevel="20" Direction="0" ReqSkill1="308" ReqSkill2="0" Skill="311" DefValue="1.20000005" />
	<Item Id="17" ClassCode="16" Group="0" ReqPoints="1" MaxLevel="20" Direction="0" ReqSkill1="305" ReqSkill2="0" Skill="312" DefValue="12.04" />
	<Item Id="18" ClassCode="16" Group="0" ReqPoints="1" MaxLevel="20" Direction="0" ReqSkill1="309" ReqSkill2="0" Skill="313" DefValue="1.20000005" />
	<Item Id="23" ClassCode="16" Group="0" ReqPoints="1" MaxLevel="20" Direction="1" ReqSkill1="0" ReqSkill2="0" Skill="315" DefValue="6" />
	<Item Id="24" ClassCode="16" Group="0" ReqPoints="1" MaxLevel="20" Direction="0" ReqSkill1="315" ReqSkill2="0" Skill="316" DefValue="1" />
	<Item Id="25" ClassCode="16" Group="0" ReqPoints="1" MaxLevel="20" Direction="0" ReqSkill1="0" ReqSkill2="0" Skill="317" DefValue="12" />
	<Item Id="26" ClassCode="16" Group="0" ReqPoints="1" MaxLevel="20" Direction="0" ReqSkill1="0" ReqSkill2="0" Skill="318" DefValue="12" />
	<Item Id="27" ClassCode="16" Group="0" ReqPoints="1" MaxLevel="20" Direction="0" ReqSkill1="0" ReqSkill2="0" Skill="319" DefValue="12" />
	<Item Id="28" ClassCode="16" Group="0" ReqPoints="1" MaxLevel="20" Direction="0" ReqSkill1="0" ReqSkill2="0" Skill="320" DefValue="12" />
	<Item Id="30" ClassCode="16" Group="0" ReqPoints="1" MaxLevel="20" Direction="3" ReqSkill1="0" ReqSkill2="0" Skill="476" DefValue="12" />
	<Item Id="34" ClassCode="16" Group="0" ReqPoints="1" MaxLevel="20" Direction="0" ReqSkill1="476" ReqSkill2="0" Skill="478" DefValue="12" />
	<Item Id="37" ClassCode="16" Group="1" ReqPoints="1" MaxLevel="20" Direction="0" ReqSkill1="0" ReqSkill2="0" Skill="325" DefValue="511" />
	<Item Id="41" ClassCode="16" Group="1" ReqPoints="1" MaxLevel="20" Direction="0" ReqSkill1="0" ReqSkill2="0" Skill="479" DefValue="6" />
	<Item Id="42" ClassCode="16" Group="1" ReqPoints="1" MaxLevel="20" Direction="3" ReqSkill1="0" ReqSkill2="0" Skill="480" DefValue="6" />
	<Item Id="43" ClassCode="16" Group="1" ReqPoints="1" MaxLevel="20" Direction="7" ReqSkill1="0" ReqSkill2="0" Skill="481" DefValue="6" />
	<Item Id="44" ClassCode="16" Group="1" ReqPoints="1" MaxLevel="20" Direction="3" ReqSkill1="0" ReqSkill2="0" Skill="482" DefValue="6" />
	<Item Id="45" ClassCode="16" Group="1" ReqPoints="1" MaxLevel="20" Direction="3" ReqSkill1="0" ReqSkill2="0" Skill="483" DefValue="6" />
	<Item Id="46" ClassCode="16" Group="1" ReqPoints="1" MaxLevel="20" Direction="0" ReqSkill1="480" ReqSkill2="0" Skill="484" DefValue="6" />
	<Item Id="48" ClassCode="16" Group="1" ReqPoints="1" MaxLevel="20" Direction="0" ReqSkill1="481" ReqSkill2="482" Skill="485" DefValue="5" />
	<Item Id="49" ClassCode="16" Group="1" ReqPoints="1" MaxLevel="20" Direction="0" ReqSkill1="483" ReqSkill2="0" Skill="486" DefValue="5" />
	<Item Id="50" ClassCode="16" Group="1" ReqPoints="1" MaxLevel="20" Direction="1" ReqSkill1="0" ReqSkill2="0" Skill="487" DefValue="6" />
	<Item Id="51" ClassCode="16" Group="1" ReqPoints="1" MaxLevel="20" Direction="0" ReqSkill1="487" ReqSkill2="0" Skill="488" DefValue="5" />
	<Item Id="52" ClassCode="16" Group="1" ReqPoints="1" MaxLevel="20" Direction="3" ReqSkill1="0" ReqSkill2="0" Skill="334" DefValue="102" />
	<Item Id="54" ClassCode="16" Group="1" ReqPoints="1" MaxLevel="20" Direction="4" ReqSkill1="0" ReqSkill2="0" Skill="490" DefValue="5" />
	<Item Id="55" ClassCode="16" Group="1" ReqPoints="1" MaxLevel="20" Direction="3" ReqSkill1="0" ReqSkill2="0" Skill="489" DefValue="6" />
	<Item Id="56" ClassCode="16" Group="1" ReqPoints="1" MaxLevel="20" Direction="3" ReqSkill1="334" ReqSkill2="0" Skill="338" DefValue="102" />
	<Item Id="57" ClassCode="16" Group="1" ReqPoints="1" MaxLevel="20" Direction="3" ReqSkill1="0" ReqSkill2="0" Skill="492" DefValue="5" />
	<Item Id="59" ClassCode="16" Group="1" ReqPoints="1" MaxLevel="20" Direction="0" ReqSkill1="489" ReqSkill2="0" Skill="491" DefValue="1.20000005" />
	<Item Id="60" ClassCode="16" Group="1" ReqPoints="1" MaxLevel="20" Direction="0" ReqSkill1="338" ReqSkill2="0" Skill="341" DefValue="27" />
	<Item Id="61" ClassCode="16" Group="1" ReqPoints="1" MaxLevel="20" Direction="0" ReqSkill1="492" ReqSkill2="0" Skill="494" DefValue="1.80999994" />
	<Item Id="62" ClassCode="16" Group="1" ReqPoints="1" MaxLevel="20" Direction="0" ReqSkill1="490" ReqSkill2="0" Skill="493" DefValue="1.80999994" />
	<Item Id="63" ClassCode="16" Group="1" ReqPoints="1" MaxLevel="20" Direction="0" ReqSkill1="0" ReqSkill2="0" Skill="496" DefValue="5" />
	<Item Id="68" ClassCode="0" Group="1" ReqPoints="10" MaxLevel="10" Direction="3" ReqSkill1="0" ReqSkill2="0" Skill="521" DefValue="7.23999977" />
	<Item Id="72" ClassCode="0" Group="1" ReqPoints="1" MaxLevel="10" Direction="0" ReqSkill1="521" ReqSkill2="0" Skill="524" DefValue="7.33374977" />
	<Item Id="70" ClassCode="0" Group="0" ReqPoints="0" MaxLevel="0" Direction="0" ReqSkill1="0" ReqSkill2="0" Skill="0" DefValue="0" />
	<Item Id="71" ClassCode="0" Group="0" ReqPoints="0" MaxLevel="0" Direction="0" ReqSkill1="0" ReqSkill2="0" Skill="0" DefValue="0" />
	<Item Id="73" ClassCode="16" Group="2" ReqPoints="1" MaxLevel="20" Direction="0" ReqSkill1="0" ReqSkill2="0" Skill="347" DefValue="818" />
	<Item Id="77" ClassCode="16" Group="2" ReqPoints="1" MaxLevel="20" Direction="3" ReqSkill1="0" ReqSkill2="0" Skill="348" DefValue="8" />
	<Item Id="78" ClassCode="16" Group="2" ReqPoints="1" MaxLevel="20" Direction="3" ReqSkill1="0" ReqSkill2="0" Skill="349" DefValue="5" />
	<Item Id="79" ClassCode="16" Group="2" ReqPoints="1" MaxLevel="20" Direction="3" ReqSkill1="0" ReqSkill2="0" Skill="397" DefValue="5" />
	<Item Id="80" ClassCode="16" Group="2" ReqPoints="1" MaxLevel="20" Direction="3" ReqSkill1="0" ReqSkill2="0" Skill="398" DefValue="8" />
	<Item Id="81" ClassCode="16" Group="2" ReqPoints="1" MaxLevel="20" Direction="0" ReqSkill1="348" ReqSkill2="0" Skill="352" DefValue="11" />
	<Item Id="82" ClassCode="16" Group="2" ReqPoints="1" MaxLevel="10" Direction="0" ReqSkill1="349" ReqSkill2="0" Skill="353" DefValue="1" />
	<Item Id="83" ClassCode="16" Group="2" ReqPoints="1" MaxLevel="10" Direction="0" ReqSkill1="397" ReqSkill2="0" Skill="400" DefValue="1" />
	<Item Id="84" ClassCode="16" Group="2" ReqPoints="1" MaxLevel="20" Direction="0" ReqSkill1="398" ReqSkill2="0" Skill="401" DefValue="11" />
	<Item Id="86" ClassCode="16" Group="2" ReqPoints="1" MaxLevel="20" Direction="0" ReqSkill1="0" ReqSkill2="0" Skill="357" DefValue="7.21999979" />
	<Item Id="87" ClassCode="16" Group="2" ReqPoints="1" MaxLevel="20" Direction="0" ReqSkill1="0" ReqSkill2="0" Skill="358" DefValue="9" />
	<Item Id="88" ClassCode="16" Group="2" ReqPoints="1" MaxLevel="20" Direction="3" ReqSkill1="0" ReqSkill2="0" Skill="359" DefValue="43" />
	<Item Id="89" ClassCode="16" Group="2" ReqPoints="1" MaxLevel="20" Direction="3" ReqSkill1="0" ReqSkill2="0" Skill="405" DefValue="5" />
	<Item Id="90" ClassCode="16" Group="2" ReqPoints="1" MaxLevel="20" Direction="3" ReqSkill1="0" ReqSkill2="0" Skill="361" DefValue="5" />
	<Item Id="92" ClassCode="16" Group="2" ReqPoints="1" MaxLevel="20" Direction="0" ReqSkill1="359" ReqSkill2="0" Skill="362" DefValue="43" />
	<Item Id="93" ClassCode="16" Group="2" ReqPoints="1" MaxLevel="20" Direction="0" ReqSkill1="405" ReqSkill2="0" Skill="407" DefValue="6" />
	<Item Id="94" ClassCode="16" Group="2" ReqPoints="1" MaxLevel="20" Direction="0" ReqSkill1="361" ReqSkill2="0" Skill="364" DefValue="6" />
	<Item Id="96" ClassCode="16" Group="2" ReqPoints="1" MaxLevel="20" Direction="3" ReqSkill1="0" ReqSkill2="0" Skill="366" DefValue="1" />
	<Item Id="97" ClassCode="16" Group="2" ReqPoints="1" MaxLevel="20" Direction="0" ReqSkill1="0" ReqSkill2="0" Skill="367" DefValue="1" />
	<Item Id="98" ClassCode="16" Group="2" ReqPoints="1" MaxLevel="20" Direction="3" ReqSkill1="0" ReqSkill2="0" Skill="368" DefValue="1" />
	<Item Id="99" ClassCode="16" Group="2" ReqPoints="1" MaxLevel="20" Direction="4" ReqSkill1="0" ReqSkill2="0" Skill="628" DefValue="5" />
	<Item Id="100" ClassCode="16" Group="2" ReqPoints="1" MaxLevel="20" Direction="0" ReqSkill1="366" ReqSkill2="0" Skill="369" DefValue="1" />
	<Item Id="102" ClassCode="16" Group="2" ReqPoints="1" MaxLevel="20" Direction="0" ReqSkill1="368" ReqSkill2="0" Skill="372" DefValue="1" />
	<Item Id="104" ClassCode="16" Group="2" ReqPoints="1" MaxLevel="20" Direction="3" ReqSkill1="0" ReqSkill2="0" Skill="370" DefValue="1" />
	<Item Id="1" ClassCode="32" Group="0" ReqPoints="1" MaxLevel="20" Direction="4" ReqSkill1="0" ReqSkill2="0" Skill="300" DefValue="12.04" />
	<Item Id="4" ClassCode="32" Group="0" ReqPoints="1" MaxLevel="20" Direction="0" ReqSkill1="0" ReqSkill2="0" Skill="301" DefValue="614" />
	<Item Id="6" ClassCode="32" Group="0" ReqPoints="1" MaxLevel="20" Direction="3" ReqSkill1="0" ReqSkill2="0" Skill="302" DefValue="511" />
	<Item Id="7" ClassCode="32" Group="0" ReqPoints="1" MaxLevel="20" Direction="3" ReqSkill1="0" ReqSkill2="0" Skill="303" DefValue="1.80999994" />
	<Item Id="8" ClassCode="32" Group="0" ReqPoints="1" MaxLevel="20" Direction="3" ReqSkill1="0" ReqSkill2="0" Skill="304" DefValue="1.20000005" />
	<Item Id="9" ClassCode="32" Group="0" ReqPoints="1" MaxLevel="20" Direction="4" ReqSkill1="300" ReqSkill2="0" Skill="305" DefValue="12.04" />
	<Item Id="10" ClassCode="32" Group="0" ReqPoints="1" MaxLevel="20" Direction="0" ReqSkill1="302" ReqSkill2="0" Skill="306" DefValue="1.20000005" />
	<Item Id="11" ClassCode="32" Group="0" ReqPoints="1" MaxLevel="20" Direction="3" ReqSkill1="303" ReqSkill2="0" Skill="307" DefValue="1.20000005" />
	<Item Id="12" ClassCode="32" Group="0" ReqPoints="1" MaxLevel="20" Direction="3" ReqSkill1="304" ReqSkill2="0" Skill="308" DefValue="1.20000005" />
	<Item Id="14" ClassCode="32" Group="0" ReqPoints="1" MaxLevel="20" Direction="3" ReqSkill1="0" ReqSkill2="0" Skill="309" DefValue="60" />
	<Item Id="15" ClassCode="32" Group="0" ReqPoints="1" MaxLevel="20" Direction="0" ReqSkill1="307" ReqSkill2="0" Skill="310" DefValue="1.20000005" />
	<Item Id="16" ClassCode="32" Group="0" ReqPoints="1" MaxLevel="20" Direction="0" ReqSkill1="308" ReqSkill2="0" Skill="311" DefValue="1.20000005" />
	<Item Id="17" ClassCode="32" Group="0" ReqPoints="1" MaxLevel="20" Direction="0" ReqSkill1="305" ReqSkill2="0" Skill="312" DefValue="12.04" />
	<Item Id="18" ClassCode="32" Group="0" ReqPoints="1" MaxLevel="20" Direction="0" ReqSkill1="309" ReqSkill2="0" Skill="313" DefValue="1.20000005" />
	<Item Id="23" ClassCode="32" Group="0" ReqPoints="1" MaxLevel="20" Direction="1" ReqSkill1="0" ReqSkill2="0" Skill="315" DefValue="6" />
	<Item Id="24" ClassCode="32" Group="0" ReqPoints="1" MaxLevel="20" Direction="0" ReqSkill1="315" ReqSkill2="0" Skill="316" DefValue="1" />
	<Item Id="25" ClassCode="32" Group="0" ReqPoints="1" MaxLevel="20" Direction="0" ReqSkill1="0" ReqSkill2="0" Skill="317" DefValue="12" />
	<Item Id="26" ClassCode="32" Group="0" ReqPoints="1" MaxLevel="20" Direction="0" ReqSkill1="0" ReqSkill2="0" Skill="318" DefValue="12" />
	<Item Id="27" ClassCode="32" Group="0" ReqPoints="1" MaxLevel="20" Direction="0" ReqSkill1="0" ReqSkill2="0" Skill="319" DefValue="12" />
	<Item Id="28" ClassCode="32" Group="0" ReqPoints="1" MaxLevel="20" Direction="0" ReqSkill1="0" ReqSkill2="0" Skill="320" DefValue="12" />
	<Item Id="30" ClassCode="32" Group="0" ReqPoints="1" MaxLevel="20" Direction="3" ReqSkill1="0" ReqSkill2="0" Skill="505" DefValue="12" />
	<Item Id="31" ClassCode="32" Group="0" ReqPoints="1" MaxLevel="20" Direction="0" ReqSkill1="0" ReqSkill2="0" Skill="506" DefValue="12" />
	<Item Id="32" ClassCode="32" Group="0" ReqPoints="1" MaxLevel="20" Direction="3" ReqSkill1="0" ReqSkill2="0" Skill="623" DefValue="1" />
	<Item Id="33" ClassCode="32" Group="0" ReqPoints="1" MaxLevel="20" Direction="0" ReqSkill1="0" ReqSkill2="0" Skill="627" DefValue="1.20000005" />
	<Item Id="34" ClassCode="32" Group="0" ReqPoints="1" MaxLevel="20" Direction="0" ReqSkill1="505" ReqSkill2="0" Skill="507" DefValue="12" />
	<Item Id="35" ClassCode="32" Group="0" ReqPoints="1" MaxLevel="20" Direction="0" ReqSkill1="0" ReqSkill2="0" Skill="626" DefValue="33" />
	<Item Id="36" ClassCode="32" Group="0" ReqPoints="1" MaxLevel="20" Direction="0" ReqSkill1="623" ReqSkill2="0" Skill="625" DefValue="1" />
	<Item Id="37" ClassCode="32" Group="1" ReqPoints="1" MaxLevel="20" Direction="0" ReqSkill1="0" ReqSkill2="0" Skill="325" DefValue="511" />
	<Item Id="41" ClassCode="32" Group="1" ReqPoints="1" MaxLevel="20" Direction="4" ReqSkill1="0" ReqSkill2="0" Skill="508" DefValue="6" />
	<Item Id="42" ClassCode="32" Group="1" ReqPoints="1" MaxLevel="20" Direction="0" ReqSkill1="0" ReqSkill2="0" Skill="509" DefValue="8" />
	<Item Id="43" ClassCode="32" Group="1" ReqPoints="1" MaxLevel="20" Direction="3" ReqSkill1="0" ReqSkill2="0" Skill="510" DefValue="12" />
	<Item Id="46" ClassCode="32" Group="1" ReqPoints="1" MaxLevel="20" Direction="3" ReqSkill1="0" ReqSkill2="0" Skill="511" DefValue="6" />
	<Item Id="47" ClassCode="32" Group="1" ReqPoints="1" MaxLevel="20" Direction="3" ReqSkill1="510" ReqSkill2="0" Skill="512" DefValue="5" />
	<Item Id="48" ClassCode="32" Group="1" ReqPoints="1" MaxLevel="20" Direction="0" ReqSkill1="0" ReqSkill2="0" Skill="513" DefValue="5" />
	<Item Id="49" ClassCode="32" Group="1" ReqPoints="1" MaxLevel="20" Direction="0" ReqSkill1="508" ReqSkill2="0" Skill="514" DefValue="1.20000005" />
	<Item Id="50" ClassCode="32" Group="1" ReqPoints="1" MaxLevel="20" Direction="3" ReqSkill1="511" ReqSkill2="0" Skill="515" DefValue="8" />
	<Item Id="51" ClassCode="32" Group="1" ReqPoints="1" MaxLevel="20" Direction="0" ReqSkill1="512" ReqSkill2="0" Skill="516" DefValue="1.20000005" />
	<Item Id="52" ClassCode="32" Group="1" ReqPoints="1" MaxLevel="20" Direction="3" ReqSkill1="0" ReqSkill2="0" Skill="334" DefValue="102" />
	<Item Id="54" ClassCode="32" Group="1" ReqPoints="1" MaxLevel="20" Direction="4" ReqSkill1="515" ReqSkill2="0" Skill="517" DefValue="1.80999994" />
	<Item Id="55" ClassCode="32" Group="1" ReqPoints="1" MaxLevel="20" Direction="3" ReqSkill1="0" ReqSkill2="0" Skill="518" DefValue="5" />
	<Item Id="56" ClassCode="32" Group="1" ReqPoints="1" MaxLevel="20" Direction="3" ReqSkill1="334" ReqSkill2="0" Skill="338" DefValue="102" />
	<Item Id="57" ClassCode="32" Group="1" ReqPoints="1" MaxLevel="20" Direction="0" ReqSkill1="0" ReqSkill2="0" Skill="519" DefValue="6" />
	<Item Id="59" ClassCode="32" Group="1" ReqPoints="1" MaxLevel="20" Direction="0" ReqSkill1="518" ReqSkill2="0" Skill="520" DefValue="11" />
	<Item Id="60" ClassCode="32" Group="1" ReqPoints="1" MaxLevel="20" Direction="0" ReqSkill1="338" ReqSkill2="0" Skill="341" DefValue="27" />
	<Item Id="62" ClassCode="32" Group="1" ReqPoints="1" MaxLevel="20" Direction="0" ReqSkill1="517" ReqSkill2="0" Skill="522" DefValue="1.20000005" />
	<Item Id="63" ClassCode="32" Group="1" ReqPoints="1" MaxLevel="20" Direction="0" ReqSkill1="0" ReqSkill2="0" Skill="523" DefValue="5.01999998" />
	<Item Id="73" ClassCode="32" Group="2" ReqPoints="1" MaxLevel="20" Direction="0" ReqSkill1="0" ReqSkill2="0" Skill="347" DefValue="818" />
	<Item Id="77" ClassCode="32" Group="2" ReqPoints="1" MaxLevel="20" Direction="3" ReqSkill1="0" ReqSkill2="0" Skill="526" DefValue="6" />
	<Item Id="78" ClassCode="32" Group="2" ReqPoints="1" MaxLevel="20" Direction="3" ReqSkill1="0" ReqSkill2="0" Skill="527" DefValue="5" />
	<Item Id="79" ClassCode="32" Group="2" ReqPoints="1" MaxLevel="20" Direction="3" ReqSkill1="0" ReqSkill2="0" Skill="528" DefValue="8" />
	<Item Id="80" ClassCode="32" Group="2" ReqPoints="1" MaxLevel="20" Direction="3" ReqSkill1="0" ReqSkill2="0" Skill="529" DefValue="6" />
	<Item Id="81" ClassCode="32" Group="2" ReqPoints="1" MaxLevel="20" Direction="3" ReqSkill1="526" ReqSkill2="0" Skill="530" DefValue="1.80999994" />
	<Item Id="82" ClassCode="32" Group="2" ReqPoints="1" MaxLevel="20" Direction="0" ReqSkill1="527" ReqSkill2="0" Skill="531" DefValue="11" />
	<Item Id="83" ClassCode="32" Group="2" ReqPoints="1" MaxLevel="20" Direction="0" ReqSkill1="528" ReqSkill2="0" Skill="532" DefValue="12" />
	<Item Id="84" ClassCode="32" Group="2" ReqPoints="1" MaxLevel="20" Direction="0" ReqSkill1="529" ReqSkill2="0" Skill="533" DefValue="38" />
	<Item Id="85" ClassCode="32" Group="2" ReqPoints="1" MaxLevel="20" Direction="0" ReqSkill1="530" ReqSkill2="0" Skill="534" DefValue="1.20000005" />
	<Item Id="86" ClassCode="32" Group="2" ReqPoints="1" MaxLevel="20" Direction="0" ReqSkill1="0" ReqSkill2="0" Skill="357" DefValue="7.21999979" />
	<Item Id="87" ClassCode="32" Group="2" ReqPoints="1" MaxLevel="20" Direction="0" ReqSkill1="0" ReqSkill2="0" Skill="358" DefValue="9" />
	<Item Id="88" ClassCode="32" Group="2" ReqPoints="1" MaxLevel="20" Direction="3" ReqSkill1="0" ReqSkill2="0" Skill="359" DefValue="43" />
	<Item Id="89" ClassCode="32" Group="2" ReqPoints="1" MaxLevel="20" Direction="3" ReqSkill1="0" ReqSkill2="0" Skill="538" DefValue="1.20000005" />
	<Item Id="90" ClassCode="32" Group="2" ReqPoints="1" MaxLevel="20" Direction="0" ReqSkill1="0" ReqSkill2="0" Skill="535" DefValue="12.04" />
	<Item Id="91" ClassCode="32" Group="2" ReqPoints="1" MaxLevel="20" Direction="3" ReqSkill1="0" ReqSkill2="0" Skill="361" DefValue="5" />
	<Item Id="92" ClassCode="32" Group="2" ReqPoints="1" MaxLevel="20" Direction="0" ReqSkill1="359" ReqSkill2="0" Skill="362" DefValue="43" />
	<Item Id="93" ClassCode="32" Group="2" ReqPoints="1" MaxLevel="20" Direction="0" ReqSkill1="0" ReqSkill2="0" Skill="539" DefValue="1" />
	<Item Id="94" ClassCode="32" Group="2" ReqPoints="1" MaxLevel="20" Direction="0" ReqSkill1="0" ReqSkill2="0" Skill="536" DefValue="1" />
	<Item Id="95" ClassCode="32" Group="2" ReqPoints="1" MaxLevel="20" Direction="0" ReqSkill1="361" ReqSkill2="0" Skill="364" DefValue="6" />
	<Item Id="96" ClassCode="32" Group="2" ReqPoints="1" MaxLevel="20" Direction="3" ReqSkill1="0" ReqSkill2="0" Skill="366" DefValue="1.20000005" />
	<Item Id="97" ClassCode="32" Group="2" ReqPoints="1" MaxLevel="20" Direction="0" ReqSkill1="0" ReqSkill2="0" Skill="367" DefValue="1" />
	<Item Id="98" ClassCode="32" Group="2" ReqPoints="1" MaxLevel="20" Direction="0" ReqSkill1="0" ReqSkill2="0" Skill="368" DefValue="1" />
	<Item Id="99" ClassCode="32" Group="2" ReqPoints="1" MaxLevel="20" Direction="4" ReqSkill1="0" ReqSkill2="0" Skill="628" DefValue="5" />
	<Item Id="100" ClassCode="32" Group="2" ReqPoints="1" MaxLevel="20" Direction="0" ReqSkill1="366" ReqSkill2="0" Skill="369" DefValue="1" />
	<Item Id="102" ClassCode="32" Group="2" ReqPoints="1" MaxLevel="20" Direction="0" ReqSkill1="368" ReqSkill2="0" Skill="372" DefValue="1" />
	<Item Id="104" ClassCode="32" Group="2" ReqPoints="1" MaxLevel="20" Direction="3" ReqSkill1="0" ReqSkill2="0" Skill="370" DefValue="1" />
	<Item Id="107" ClassCode="32" Group="2" ReqPoints="1" MaxLevel="20" Direction="0" ReqSkill1="628" ReqSkill2="0" Skill="629" DefValue="6" />
	<Item Id="108" ClassCode="32" Group="2" ReqPoints="1" MaxLevel="20" Direction="0" ReqSkill1="370" ReqSkill2="0" Skill="371" DefValue="1" />
	<Item Id="1" ClassCode="64" Group="0" ReqPoints="1" MaxLevel="20" Direction="4" ReqSkill1="0" ReqSkill2="0" Skill="578" DefValue="12.04" />
	<Item Id="4" ClassCode="64" Group="0" ReqPoints="1" MaxLevel="20" Direction="0" ReqSkill1="0" ReqSkill2="0" Skill="579" DefValue="255" />
	<Item Id="6" ClassCode="64" Group="0" ReqPoints="1" MaxLevel="20" Direction="3" ReqSkill1="0" ReqSkill2="0" Skill="580" DefValue="307" />
	<Item Id="7" ClassCode="64" Group="0" ReqPoints="1" MaxLevel="20" Direction="3" ReqSkill1="0" ReqSkill2="0" Skill="581" DefValue="1.80999994" />
	<Item Id="8" ClassCode="64" Group="0" ReqPoints="1" MaxLevel="20" Direction="3" ReqSkill1="0" ReqSkill2="0" Skill="582" DefValue="1.20000005" />
	<Item Id="9" ClassCode="64" Group="0" ReqPoints="1" MaxLevel="20" Direction="4" ReqSkill1="578" ReqSkill2="0" Skill="583" DefValue="12.04" />
	<Item Id="10" ClassCode="64" Group="0" ReqPoints="1" MaxLevel="20" Direction="0" ReqSkill1="580" ReqSkill2="0" Skill="584" DefValue="1.20000005" />
	<Item Id="11" ClassCode="64" Group="0" ReqPoints="1" MaxLevel="20" Direction="3" ReqSkill1="581" ReqSkill2="0" Skill="585" DefValue="1.20000005" />
	<Item Id="12" ClassCode="64" Group="0" ReqPoints="1" MaxLevel="20" Direction="3" ReqSkill1="582" ReqSkill2="0" Skill="586" DefValue="1.20000005" />
	<Item Id="14" ClassCode="64" Group="0" ReqPoints="1" MaxLevel="20" Direction="3" ReqSkill1="0" ReqSkill2="0" Skill="587" DefValue="33" />
	<Item Id="15" ClassCode="64" Group="0" ReqPoints="1" MaxLevel="20" Direction="0" ReqSkill1="585" ReqSkill2="0" Skill="588" DefValue="1.20000005" />
	<Item Id="16" ClassCode="64" Group="0" ReqPoints="1" MaxLevel="20" Direction="0" ReqSkill1="586" ReqSkill2="0" Skill="589" DefValue="1.20000005" />
	<Item Id="17" ClassCode="64" Group="0" ReqPoints="1" MaxLevel="20" Direction="0" ReqSkill1="583" ReqSkill2="0" Skill="590" DefValue="12.04" />
	<Item Id="18" ClassCode="64" Group="0" ReqPoints="1" MaxLevel="20" Direction="0" ReqSkill1="587" ReqSkill2="0" Skill="591" DefValue="1.20000005" />
	<Item Id="23" ClassCode="64" Group="0" ReqPoints="1" MaxLevel="20" Direction="1" ReqSkill1="0" ReqSkill2="0" Skill="593" DefValue="6" />
	<Item Id="24" ClassCode="64" Group="0" ReqPoints="1" MaxLevel="20" Direction="0" ReqSkill1="593" ReqSkill2="0" Skill="594" DefValue="1" />
	<Item Id="25" ClassCode="64" Group="0" ReqPoints="1" MaxLevel="20" Direction="0" ReqSkill1="0" ReqSkill2="0" Skill="595" DefValue="9" />
	<Item Id="26" ClassCode="64" Group="0" ReqPoints="1" MaxLevel="20" Direction="0" ReqSkill1="0" ReqSkill2="0" Skill="596" DefValue="9" />
	<Item Id="27" ClassCode="64" Group="0" ReqPoints="1" MaxLevel="20" Direction="0" ReqSkill1="0" ReqSkill2="0" Skill="597" DefValue="9" />
	<Item Id="28" ClassCode="64" Group="0" ReqPoints="1" MaxLevel="20" Direction="0" ReqSkill1="0" ReqSkill2="0" Skill="598" DefValue="9" />
	<Item Id="30" ClassCode="64" Group="0" ReqPoints="1" MaxLevel="20" Direction="3" ReqSkill1="0" ReqSkill2="0" Skill="549" DefValue="12" />
	<Item Id="33" ClassCode="64" Group="0" ReqPoints="1" MaxLevel="20" Direction="0" ReqSkill1="0" ReqSkill2="0" Skill="627" DefValue="33" />
	<Item Id="34" ClassCode="64" Group="0" ReqPoints="1" MaxLevel="20" Direction="0" ReqSkill1="549" ReqSkill2="0" Skill="550" DefValue="12" />
	<Item Id="35" ClassCode="64" Group="0" ReqPoints="1" MaxLevel="20" Direction="0" ReqSkill1="0" ReqSkill2="0" Skill="626" DefValue="1.20000005" />
	<Item Id="37" ClassCode="64" Group="1" ReqPoints="1" MaxLevel="20" Direction="0" ReqSkill1="0" ReqSkill2="0" Skill="599" DefValue="204" />
	<Item Id="41" ClassCode="64" Group="1" ReqPoints="1" MaxLevel="20" Direction="3" ReqSkill1="0" ReqSkill2="0" Skill="551" DefValue="5" />
	<Item Id="42" ClassCode="64" Group="1" ReqPoints="1" MaxLevel="20" Direction="3" ReqSkill1="0" ReqSkill2="0" Skill="552" DefValue="5" />
	<Item Id="45" ClassCode="64" Group="1" ReqPoints="1" MaxLevel="20" Direction="0" ReqSkill1="551" ReqSkill2="0" Skill="554" DefValue="1.20000005" />
	<Item Id="46" ClassCode="64" Group="1" ReqPoints="1" MaxLevel="20" Direction="0" ReqSkill1="552" ReqSkill2="0" Skill="555" DefValue="1.20000005" />
	<Item Id="51" ClassCode="64" Group="1" ReqPoints="1" MaxLevel="20" Direction="3" ReqSkill1="0" ReqSkill2="0" Skill="600" DefValue="54" />
	<Item Id="52" ClassCode="64" Group="1" ReqPoints="1" MaxLevel="20" Direction="0" ReqSkill1="0" ReqSkill2="0" Skill="557" DefValue="5" />
	<Item Id="53" ClassCode="64" Group="1" ReqPoints="1" MaxLevel="20" Direction="4" ReqSkill1="0" ReqSkill2="0" Skill="558" DefValue="5" />
	<Item Id="54" ClassCode="64" Group="1" ReqPoints="1" MaxLevel="20" Direction="4" ReqSkill1="0" ReqSkill2="0" Skill="559" DefValue="5" />
	<Item Id="55" ClassCode="64" Group="1" ReqPoints="1" MaxLevel="20" Direction="3" ReqSkill1="600" ReqSkill2="0" Skill="601" DefValue="54" />
	<Item Id="56" ClassCode="64" Group="1" ReqPoints="1" MaxLevel="20" Direction="3" ReqSkill1="0" ReqSkill2="0" Skill="560" DefValue="5" />
	<Item Id="59" ClassCode="64" Group="1" ReqPoints="1" MaxLevel="20" Direction="0" ReqSkill1="601" ReqSkill2="0" Skill="602" DefValue="18" />
	<Item Id="60" ClassCode="64" Group="1" ReqPoints="1" MaxLevel="20" Direction="0" ReqSkill1="560" ReqSkill2="0" Skill="561" DefValue="1.20000005" />
	<Item Id="61" ClassCode="64" Group="1" ReqPoints="1" MaxLevel="20" Direction="0" ReqSkill1="558" ReqSkill2="0" Skill="562" DefValue="1.20000005" />
	<Item Id="62" ClassCode="64" Group="1" ReqPoints="10" MaxLevel="10" Direction="0" ReqSkill1="559" ReqSkill2="0" Skill="563" DefValue="-1" />
	<Item Id="63" ClassCode="64" Group="1" ReqPoints="1" MaxLevel="20" Direction="3" ReqSkill1="0" ReqSkill2="0" Skill="564" DefValue="5" />
	<Item Id="66" ClassCode="0" Group="0" ReqPoints="0" MaxLevel="0" Direction="0" ReqSkill1="0" ReqSkill2="0" Skill="0" DefValue="0" />
	<Item Id="67" ClassCode="64" Group="1" ReqPoints="1" MaxLevel="20" Direction="0" ReqSkill1="564" ReqSkill2="0" Skill="566" DefValue="1" />
	<Item Id="70" ClassCode="0" Group="0" ReqPoints="0" MaxLevel="0" Direction="0" ReqSkill1="0" ReqSkill2="0" Skill="0" DefValue="0" />
	<Item Id="73" ClassCode="64" Group="2" ReqPoints="1" MaxLevel="20" Direction="0" ReqSkill1="0" ReqSkill2="0" Skill="603" DefValue="327" />
	<Item Id="77" ClassCode="64" Group="2" ReqPoints="1" MaxLevel="20" Direction="3" ReqSkill1="0" ReqSkill2="0" Skill="568" DefValue="5" />
	<Item Id="78" ClassCode="64" Group="2" ReqPoints="1" MaxLevel="20" Direction="3" ReqSkill1="0" ReqSkill2="0" Skill="569" DefValue="5" />
	<Item Id="81" ClassCode="64" Group="2" ReqPoints="1" MaxLevel="10" Direction="0" ReqSkill1="568" ReqSkill2="0" Skill="571" DefValue="1.20000005" />
	<Item Id="82" ClassCode="64" Group="2" ReqPoints="1" MaxLevel="20" Direction="0" ReqSkill1="569" ReqSkill2="0" Skill="572" DefValue="5" />
	<Item Id="85" ClassCode="64" Group="2" ReqPoints="1" MaxLevel="20" Direction="0" ReqSkill1="0" ReqSkill2="0" Skill="573" DefValue="11" />
	<Item Id="86" ClassCode="64" Group="2" ReqPoints="1" MaxLevel="20" Direction="0" ReqSkill1="0" ReqSkill2="0" Skill="604" DefValue="7.21999979" />
	<Item Id="87" ClassCode="64" Group="2" ReqPoints="1" MaxLevel="20" Direction="0" ReqSkill1="0" ReqSkill2="0" Skill="605" DefValue="9" />
	<Item Id="88" ClassCode="64" Group="2" ReqPoints="1" MaxLevel="20" Direction="3" ReqSkill1="0" ReqSkill2="0" Skill="606" DefValue="43" />
	<Item Id="90" ClassCode="64" Group="2" ReqPoints="1" MaxLevel="20" Direction="3" ReqSkill1="0" ReqSkill2="0" Skill="607" DefValue="5" />
	<Item Id="92" ClassCode="64" Group="2" ReqPoints="1" MaxLevel="20" Direction="0" ReqSkill1="606" ReqSkill2="0" Skill="608" DefValue="43" />
	<Item Id="94" ClassCode="64" Group="2" ReqPoints="1" MaxLevel="20" Direction="0" ReqSkill1="607" ReqSkill2="0" Skill="609" DefValue="6" />
	<Item Id="96" ClassCode="64" Group="2" ReqPoints="1" MaxLevel="20" Direction="3" ReqSkill1="0" ReqSkill2="0" Skill="610" DefValue="1" />
	<Item Id="98" ClassCode="64" Group="2" ReqPoints="1" MaxLevel="20" Direction="0" ReqSkill1="0" ReqSkill2="0" Skill="611" DefValue="1" />
	<Item Id="99" ClassCode="64" Group="2" ReqPoints="1" MaxLevel="20" Direction="3" ReqSkill1="0" ReqSkill2="0" Skill="612" DefValue="1" />
	<Item Id="100" ClassCode="64" Group="2" ReqPoints="1" MaxLevel="20" Direction="0" ReqSkill1="610" ReqSkill2="0" Skill="613" DefValue="1" />
	<Item Id="102" ClassCode="64" Group="2" ReqPoints="1" MaxLevel="20" Direction="3" ReqSkill1="0" ReqSkill2="0" Skill="614" DefValue="1" />
	<Item Id="103" ClassCode="64" Group="2" ReqPoints="1" MaxLevel="20" Direction="0" ReqSkill1="612" ReqSkill2="0" Skill="616" DefValue="1" />
	<Item Id="106" ClassCode="64" Group="2" ReqPoints="1" MaxLevel="20" Direction="1" ReqSkill1="614" ReqSkill2="0" Skill="615" DefValue="1" />
	<Item Id="31" ClassCode="1" Group="0" ReqPoints="1" MaxLevel="20" Direction="0" ReqSkill1="0" ReqSkill2="0" Skill="624" DefValue="1" />
	<Item Id="32" ClassCode="1" Group="0" ReqPoints="1" MaxLevel="20" Direction="3" ReqSkill1="0" ReqSkill2="0" Skill="623" DefValue="1" />
	<Item Id="33" ClassCode="1" Group="0" ReqPoints="1" MaxLevel="20" Direction="0" ReqSkill1="0" ReqSkill2="0" Skill="627" DefValue="1.20000005" />
	<Item Id="35" ClassCode="1" Group="0" ReqPoints="1" MaxLevel="20" Direction="0" ReqSkill1="0" ReqSkill2="0" Skill="626" DefValue="33" />
	<Item Id="36" ClassCode="1" Group="0" ReqPoints="1" MaxLevel="20" Direction="0" ReqSkill1="623" ReqSkill2="0" Skill="625" DefValue="1" />
	<Item Id="107" ClassCode="64" Group="2" ReqPoints="1" MaxLevel="20" Direction="0" ReqSkill1="615" ReqSkill2="0" Skill="617" DefValue="1" />
	<Item Id="68" ClassCode="0" Group="0" ReqPoints="0" MaxLevel="0" Direction="0" ReqSkill1="0" ReqSkill2="0" Skill="0" DefValue="0" />
	<Item Id="72" ClassCode="0" Group="0" ReqPoints="0" MaxLevel="0" Direction="0" ReqSkill1="0" ReqSkill2="0" Skill="0" DefValue="0" />
	<Item Id="108" ClassCode="1" Group="2" ReqPoints="1" MaxLevel="20" Direction="0" ReqSkill1="370" ReqSkill2="0" Skill="371" DefValue="1" />
	<Item Id="107" ClassCode="1" Group="2" ReqPoints="1" MaxLevel="20" Direction="0" ReqSkill1="628" ReqSkill2="0" Skill="629" DefValue="6" />
	<Item Id="32" ClassCode="2" Group="0" ReqPoints="1" MaxLevel="20" Direction="3" ReqSkill1="0" ReqSkill2="0" Skill="623" DefValue="1" />
	<Item Id="33" ClassCode="2" Group="0" ReqPoints="1" MaxLevel="20" Direction="0" ReqSkill1="0" ReqSkill2="0" Skill="627" DefValue="1.20000005" />
	<Item Id="35" ClassCode="2" Group="0" ReqPoints="1" MaxLevel="20" Direction="0" ReqSkill1="0" ReqSkill2="0" Skill="626" DefValue="33" />
	<Item Id="36" ClassCode="2" Group="0" ReqPoints="1" MaxLevel="20" Direction="0" ReqSkill1="0" ReqSkill2="0" Skill="625" DefValue="1" />
	<Item Id="107" ClassCode="2" Group="2" ReqPoints="1" MaxLevel="20" Direction="0" ReqSkill1="628" ReqSkill2="0" Skill="629" DefValue="6" />
	<Item Id="108" ClassCode="2" Group="2" ReqPoints="1" MaxLevel="20" Direction="0" ReqSkill1="370" ReqSkill2="0" Skill="371" DefValue="1" />
	<Item Id="107" ClassCode="4" Group="2" ReqPoints="1" MaxLevel="20" Direction="0" ReqSkill1="628" ReqSkill2="0" Skill="629" DefValue="6" />
	<Item Id="108" ClassCode="4" Group="2" ReqPoints="1" MaxLevel="20" Direction="0" ReqSkill1="370" ReqSkill2="0" Skill="371" DefValue="1" />
	<Item Id="32" ClassCode="4" Group="0" ReqPoints="1" MaxLevel="20" Direction="3" ReqSkill1="0" ReqSkill2="0" Skill="623" DefValue="1" />
	<Item Id="33" ClassCode="4" Group="0" ReqPoints="1" MaxLevel="20" Direction="0" ReqSkill1="0" ReqSkill2="0" Skill="627" DefValue="1.20000005" />
	<Item Id="35" ClassCode="4" Group="0" ReqPoints="1" MaxLevel="20" Direction="0" ReqSkill1="0" ReqSkill2="0" Skill="626" DefValue="33" />
	<Item Id="36" ClassCode="4" Group="0" ReqPoints="1" MaxLevel="20" Direction="0" ReqSkill1="0" ReqSkill2="0" Skill="625" DefValue="1" />
	<Item Id="33" ClassCode="8" Group="0" ReqPoints="1" MaxLevel="20" Direction="0" ReqSkill1="0" ReqSkill2="0" Skill="627" DefValue="1.20000005" />
	<Item Id="35" ClassCode="8" Group="0" ReqPoints="1" MaxLevel="20" Direction="0" ReqSkill1="0" ReqSkill2="0" Skill="626" DefValue="33" />
	<Item Id="107" ClassCode="8" Group="2" ReqPoints="1" MaxLevel="20" Direction="0" ReqSkill1="628" ReqSkill2="0" Skill="629" DefValue="6" />
	<Item Id="108" ClassCode="8" Group="2" ReqPoints="1" MaxLevel="20" Direction="0" ReqSkill1="370" ReqSkill2="0" Skill="371" DefValue="1" />
	<Item Id="31" ClassCode="16" Group="0" ReqPoints="1" MaxLevel="20" Direction="0" ReqSkill1="0" ReqSkill2="0" Skill="624" DefValue="1" />
	<Item Id="32" ClassCode="16" Group="0" ReqPoints="1" MaxLevel="20" Direction="3" ReqSkill1="0" ReqSkill2="0" Skill="623" DefValue="1" />
	<Item Id="33" ClassCode="16" Group="0" ReqPoints="1" MaxLevel="20" Direction="0" ReqSkill1="0" ReqSkill2="0" Skill="627" DefValue="1.20000005" />
	<Item Id="35" ClassCode="16" Group="0" ReqPoints="1" MaxLevel="20" Direction="0" ReqSkill1="0" ReqSkill2="0" Skill="626" DefValue="33" />
	<Item Id="36" ClassCode="16" Group="0" ReqPoints="1" MaxLevel="20" Direction="0" ReqSkill1="623" ReqSkill2="0" Skill="625" DefValue="1" />
	<Item Id="107" ClassCode="16" Group="2" ReqPoints="1" MaxLevel="20" Direction="0" ReqSkill1="628" ReqSkill2="0" Skill="629" DefValue="6" />
	<Item Id="108" ClassCode="16" Group="2" ReqPoints="1" MaxLevel="20" Direction="0" ReqSkill1="370" ReqSkill2="0" Skill="371" DefValue="1" />
	<Item Id="0" ClassCode="0" Group="0" ReqPoints="0" MaxLevel="0" Direction="0" ReqSkill1="0" ReqSkill2="0" Skill="0" DefValue="0" />
</skillList>
