<?xml version="1.0"?>
<ResolutionsInfo default="1" fontname="Arial Unicode MS" font-kor="0" font-chs="0">
	<Resolution index="0" name="800x600" font_size="13" view_far="2800.0" view_far_increase="270.0" width_far="1950.0" width_far_increase="95.0" width_near="540.f" width_near_increase="55.0" interface_scale_x="1.0" interface_scale_y="1.0" tvt_scale="0.15" mu_legend_scale="0.5" />
	<Resolution index="1" name="1024x768" font_size="14" view_far="2800.0" view_far_increase="270.0" width_far="1950.0" width_far_increase="95.0" width_near="540.f" width_near_increase="55.0" interface_scale_x="1.0" interface_scale_y="1.0" tvt_scale="0.25" mu_legend_scale="0.7" />
	<Resolution index="2" name="1152x864" font_size="15" view_far="2800.0" view_far_increase="220.0" width_far="1950.0" width_far_increase="90.0" width_near="540.f" width_near_increase="50.0" interface_scale_x="1.0" interface_scale_y="1.0" tvt_scale="0.3" mu_legend_scale="0.7" />
	<Resolution index="3" name="1280x768" font_size="15" view_far="2800.0" view_far_increase="270.0" width_far="1950.0" width_far_increase="90.0" width_near="540.f" width_near_increase="70.0" interface_scale_x="1.0" interface_scale_y="1.0" tvt_scale="0.3" mu_legend_scale="0.8" />
	<Resolution index="4" name="1280x800" font_size="15" view_far="2800.0" view_far_increase="270.0" width_far="1950.0" width_far_increase="90.0" width_near="540.f" width_near_increase="70.0" interface_scale_x="1.0" interface_scale_y="1.0" tvt_scale="0.34" mu_legend_scale="0.8" />
	<Resolution index="5" name="1280x960" font_size="15" view_far="2800.0" view_far_increase="250.0" width_far="1950.0" width_far_increase="90.0" width_near="540.f" width_near_increase="70.0" interface_scale_x="1.0" interface_scale_y="1.0" tvt_scale="0.34" mu_legend_scale="0.8" />
	<Resolution index="6" name="1280x1024" font_size="15" view_far="2800.0" view_far_increase="250.0" width_far="1950.0" width_far_increase="90.0" width_near="540.f" width_near_increase="70.0" interface_scale_x="1.0" interface_scale_y="1.0" tvt_scale="0.34" mu_legend_scale="0.8" />
	<Resolution index="7" name="1366x768" font_size="14" view_far="2800.0" view_far_increase="250.0" width_far="1950.0" width_far_increase="90.0" width_near="540.f" width_near_increase="70.0" interface_scale_x="1.0" interface_scale_y="1.0" tvt_scale="0.3" mu_legend_scale="0.8" />
	<Resolution index="8" name="1440x900" font_size="15" view_far="2800.0" view_far_increase="250.0" width_far="1950.0" width_far_increase="90.0" width_near="540.f" width_near_increase="70.0" interface_scale_x="1.0" interface_scale_y="1.0" tvt_scale="0.34" mu_legend_scale="0.9" />
	<Resolution index="9" name="1600x900" font_size="16" view_far="2800.0" view_far_increase="250.0" width_far="1950.0" width_far_increase="95.0" width_near="540.f" width_near_increase="75.0" interface_scale_x="1.0" interface_scale_y="1.0" tvt_scale="0.34" mu_legend_scale="0.9" />
	<Resolution index="10" name="1600x1200" font_size="16" view_far="2800.0" view_far_increase="250.0" width_far="1950.0" width_far_increase="90.0" width_near="540.f" width_near_increase="70.0" interface_scale_x="1.0" interface_scale_y="1.0" tvt_scale="0.34" mu_legend_scale="1.0" />
	<Resolution index="11" name="1680x1050" font_size="16" view_far="2800.0" view_far_increase="250.0" width_far="1950.0" width_far_increase="90.0" width_near="540.f" width_near_increase="70.0" interface_scale_x="1.0" interface_scale_y="1.0" tvt_scale="0.34" mu_legend_scale="1.0" />
	<Resolution index="12" name="1600x1280" font_size="16" view_far="2800.0" view_far_increase="270.0" width_far="1950.0" width_far_increase="90.0" width_near="540.f" width_near_increase="50.0" interface_scale_x="1.0" interface_scale_y="1.0" tvt_scale="0.34" mu_legend_scale="1.0" />
	<Resolution index="13" name="1910x970" font_size="16" view_far="2800.0" view_far_increase="200.0" width_far="1950.0" width_far_increase="95.0" width_near="540.f" width_near_increase="75.0" interface_scale_x="1.0" interface_scale_y="1.0" tvt_scale="0.34" mu_legend_scale="1.0" />
	<Resolution index="14" name="1920x1080" font_size="17" view_far="2800.0" view_far_increase="250.0" width_far="1950.0" width_far_increase="90.0" width_near="540.f" width_near_increase="70.0" interface_scale_x="1.0" interface_scale_y="1.0" tvt_scale="0.34" mu_legend_scale="1.0" />
	<Resolution index="15" name="1920x1200" font_size="17" view_far="2800.0" view_far_increase="250.0" width_far="1950.0" width_far_increase="90.0" width_near="540.f" width_near_increase="70.0" interface_scale_x="1.0" interface_scale_y="1.0" tvt_scale="0.34" mu_legend_scale="1.0" />
	<Resolution index="16" name="2560x1440" font_size="17" view_far="2800.0" view_far_increase="250.0" width_far="1950.0" width_far_increase="90.0" width_near="540.f" width_near_increase="70.0" interface_scale_x="1.0" interface_scale_y="1.0" tvt_scale="0.36" mu_legend_scale="1.2" />
	<Resolution index="17" name="2560x1600" font_size="17" view_far="2800.0" view_far_increase="250.0" width_far="1950.0" width_far_increase="90.0" width_near="540.f" width_near_increase="70.0" interface_scale_x="1.0" interface_scale_y="1.0" tvt_scale="0.36" mu_legend_scale="1.2" />
	<Resolution index="18" name="3440x1440" font_size="16" view_far="2800.0" view_far_increase="250.0" width_far="1950.0" width_far_increase="90.0" width_near="540.f" width_near_increase="70.0" interface_scale_x="1.0" interface_scale_y="1.0" tvt_scale="0.36" mu_legend_scale="1.0" />
	<Resolution index="19" name="3840x2160" font_size="17" view_far="2800.0" view_far_increase="250.0" width_far="1950.0" width_far_increase="90.0" width_near="540.f" width_near_increase="70.0" interface_scale_x="1.0" interface_scale_y="1.0" tvt_scale="0.36" mu_legend_scale="1.5" />
	<Resolution index="20" name="3840x1080" font_size="16" view_far="2800.0" view_far_increase="250.0" width_far="1950.0" width_far_increase="90.0" width_near="540.f" width_near_increase="70.0" interface_scale_x="1.0" interface_scale_y="1.0" tvt_scale="0.36" mu_legend_scale="1.5" />
</ResolutionsInfo>
<FontSize>
	<size fontsize="13" />
	<size fontsize="14" />
	<size fontsize="15" />
	<size fontsize="16" />
	<size fontsize="17" />
	<size fontsize="18" />
	<size fontsize="19" />
	<size fontsize="20" />
</FontSize>
